r,v,nh,n,u,nt,p,e,nd,m,d,i,wp,a,句子数,停顿数,句子破碎度,Success
1.949230769,5.373846154,0.603076923,4.893846154,2.386153846,0.287692308,4.310769231,0.015384615,0.513846154,0.847692308,2.664615385,0.133846154,3.618461538,0.938461538,1300,3746,2.881538462,unsucc
1.25974026,4.124875125,0.25974026,3.555444555,1.554445554,0.127872128,4.163836164,0.010989011,0.347652348,0.738261738,1.887112887,0.161838162,3.631368631,0.694305694,2002,5972,2.983016983,unsucc
1.219491525,3.21440678,0.2,3.126271186,1.179661017,0.139830508,2.829661017,0.019491525,0.272033898,0.51779661,1.688135593,0.176271186,2.407627119,0.507627119,2360,5598,2.372033898,unsucc
1.910499139,5.814113597,0.981067126,6.146299484,3.273666093,0.160068847,5.839931153,0.025817556,0.540447504,0.877796902,2.611015491,0.211703959,4.925989673,0.963855422,581,2217,3.815834768,succ
1.04788961,4.361201299,0.416396104,4.273538961,2.051136364,0.093344156,3.806818182,0.00487013,0.407467532,0.545454545,2.038961039,0.145292208,3.101461039,0.873376623,1232,2923,2.372564935,succ
1.564583333,3.992708333,0.045833333,3.161458333,1.897916667,0.134375,4.144791667,0.021875,0.295833333,0.680208333,2.119791667,0.265625,3.5875,0.66875,1920,4882,2.542708333,unsucc
2.237179487,6.615384615,0.557692308,6.301282051,3.275641026,0.16025641,6.08974359,0.179487179,0.474358974,0.756410256,2.730769231,0.423076923,5.237179487,1.019230769,312,1336,4.282051282,unsucc
1.487218045,4.806015038,0.44962406,5.317293233,2.690225564,0.166917293,4.460150376,0.009022556,0.488721805,0.962406015,2.604511278,0.159398496,3.75037594,1.079699248,665,1907,2.867669173,succ
1.475862069,4.395073892,0.418719212,3.908374384,1.870935961,0.141871921,4.172413793,0.020689655,0.372413793,0.541871921,1.968472906,0.145812808,3.609852217,0.861083744,2030,5818,2.866009852,unsucc
1.306376361,5.430793157,0.65318818,4.99533437,2.562986003,0.192846034,4.950233281,0.037325039,0.444790047,1.068429238,2.429237947,0.175738725,4.158631415,0.905132193,1286,4206,3.270606532,unsucc
1.094540613,3.548601864,0.459387483,3.934753662,1.844207723,0.071904128,3.494007989,0.019973369,0.323568575,0.533954727,1.72436751,0.130492676,2.980026631,0.716378162,751,1761,2.344873502,succ
1.065677966,5.561440678,0.514830508,6.542372881,4.002118644,0.230932203,5.112288136,0.019067797,0.826271186,1.131355932,3.26059322,0.355932203,4.237288136,1.639830508,472,1714,3.631355932,succ
1.48822606,4.855572998,0.397174254,5.489795918,2.259026688,0.15855573,4.844583987,0.009419152,0.48822606,0.852433281,2.684458399,0.238618524,4.12244898,1.10989011,637,2173,3.411302983,succ
2.468156425,5.37877095,0.54972067,4.74301676,2.029050279,0.334078212,4.791061453,0.010055866,0.392178771,0.90726257,2.602234637,0.197765363,3.957541899,0.944134078,895,2705,3.022346369,succ
2.394827586,5.682758621,0.044827586,5.172413793,3.032758621,0.231034483,6.401724138,0.00862069,0.49137931,0.912068966,2.822413793,0.143103448,5.510344828,1.339655172,580,2440,4.206896552,succ
2.077702703,5.359234234,0.427927928,4.671171171,2.724099099,0.168918919,5.540540541,0.036036036,0.452702703,0.873873874,2.550675676,0.163288288,4.947072072,0.836711712,1776,5154,2.902027027,unsucc
2.857768053,7.356673961,0.409190372,7.098468271,4.520787746,0.295404814,7.573304158,0.026258206,0.693654267,1.361050328,4.33916849,0.330415755,6.444201313,1.542669584,457,2338,5.115973742,succ
1.590563166,6.0304414,0.557077626,5.388127854,2.645357686,0.159817352,5.360730594,0.01978691,0.414003044,1.115677321,2.779299848,0.343987823,4.665144597,1.181126332,657,2449,3.727549467,succ
1.515567766,5.705128205,0.276556777,6.019230769,2.832417582,0.161172161,4.692307692,0.006410256,0.425824176,1.121794872,2.878205128,0.277472527,3.933150183,1.204212454,1092,3850,3.525641026,succ
3.232608696,8.926086957,0.708695652,8.991304348,4.432608696,0.360869565,6.02173913,0.010869565,1.115217391,1.37826087,4.756521739,0.219565217,4.367391304,1.447826087,460,1781,3.87173913,succ
1.725239617,4.916932907,0.45686901,4.501597444,2.166134185,0.185303514,4.817891374,0.054313099,0.370607029,0.734824281,2.568690096,0.239616613,4.223642173,0.686900958,626,2074,3.313099042,unsucc
1.537037037,6.338888889,0.635185185,7.916666667,3.253703704,0.209259259,6.227777778,0.02037037,0.625925926,1.048148148,3.02962963,0.244444444,5.301851852,1.327777778,540,2435,4.509259259,succ
1.917525773,5.453608247,0.88365243,4.673048601,1.998527246,0.241531664,4.983799705,0.017673049,0.307805596,0.726067747,2.711340206,0.219440353,4.396170839,0.961708395,1358,5190,3.82179676,unsucc
1.241021548,3.940143655,0.523543496,3.932960894,2.483639266,0.154030327,3.704708699,0.035913807,0.476456504,0.426975259,1.567438148,0.107741421,3.13886672,0.621707901,2506,5104,2.036711891,unsucc
1.475545523,3.686982694,0.344620015,3.177577126,1.640331076,0.126410835,3.605718585,0.006772009,0.261851016,0.478555305,1.743416102,0.143717081,3.15199398,0.652370203,1329,3231,2.431151242,succ
1.674807198,5.976863753,0.363753213,7.307197943,3.0218509,0.236503856,5.077120823,0.002570694,0.737789203,1.110539846,3.195372751,0.294344473,3.952442159,1.185089974,1556,5480,3.5218509,unsucc
1.641196013,5.069767442,0.401993355,4.405315615,2.225913621,0.159468439,5.465116279,0.07641196,0.431893688,0.850498339,2.282392027,0.15282392,4.893687708,0.946843854,301,954,3.169435216,succ
2.035514019,5.545794393,0.558878505,4.439252336,2.523364486,0.211214953,5.328971963,0.03364486,0.420560748,0.900934579,3.03364486,0.194392523,4.743925234,0.955140187,535,1995,3.728971963,succ
2.096267191,6.196463654,0.25540275,4.469548134,2.899803536,0.206286837,5.94891945,0.053045187,0.491159136,0.907662083,2.756385069,0.206286837,5.257367387,1.227897839,1018,4086,4.013752456,unsucc
1.431769723,4.724946695,0.273987207,4.63326226,2.014925373,0.089552239,4.147121535,0.006396588,0.430703625,0.597014925,1.986140725,0.12793177,3.423240938,0.928571429,938,2623,2.796375267,succ
2.049919485,5.700483092,0.584541063,4.987117552,2.938808374,0.204508857,4.76489533,0.01610306,0.481481481,0.855072464,2.879227053,0.170692432,3.982286634,1.022544283,621,1902,3.062801932,succ
2.398537477,6.685557587,0.670932358,7.155393053,4.135283364,0.190127971,6.570383912,0.043875686,0.755027422,1.040219378,3.460694698,0.254113346,5.371115174,1.325411335,547,2477,4.52833638,succ
1.298153034,4.647317502,0.276165347,4.718557608,2.879507476,0.10114336,4.207563764,0.01759015,0.479331574,0.834652595,2.047493404,0.141600704,3.483729112,0.967458223,1137,3083,2.711521548,succ
1.516891892,4.466216216,0.472972973,4.212837838,2.393581081,0.248310811,3.971283784,0.035472973,0.442567568,0.736486486,2.190878378,0.179054054,3.361486486,0.787162162,592,1589,2.684121622,succ
1.540983607,5.145199063,0.503512881,4.487119438,1.93676815,0.117096019,4.216627635,0.017564403,0.365339578,0.62529274,2.1264637,0.141686183,3.620608899,0.834894614,854,2353,2.755269321,succ
1.457657658,5.63963964,0.56036036,6.245045045,2.272072072,0.185585586,5.118918919,0.007207207,0.533333333,1.113513514,2.571171171,0.293693694,4.398198198,1.010810811,555,2082,3.751351351,succ
2.099065421,7.312149533,0.674766355,7.439252336,2.990654206,0.21682243,5.98317757,0.011214953,0.693457944,0.94953271,3.314018692,0.293457944,4.865420561,1.489719626,535,2208,4.127102804,succ
1.549828179,4.936426117,0.673539519,6.005154639,2.731958763,0.281786942,4.745704467,0.024054983,0.718213058,0.857388316,3.079037801,0.158075601,4.042955326,1.183848797,582,1999,3.434707904,succ
1.574948665,6.117043121,0.455852156,5.90349076,2.661190965,0.219712526,6.143737166,0.057494867,0.379876797,0.887063655,2.663244353,0.229979466,5.480492813,1.168377823,974,4224,4.336755647,unsucc
1.075075075,3.57957958,0.366366366,3.872372372,1.896396396,0.144144144,4.220720721,0.012012012,0.33033033,0.81981982,1.875375375,0.130630631,3.701201201,0.705705706,1332,3850,2.89039039,unsucc
1.465051258,4.24137931,0.60111836,4.861136999,2.248835042,0.133271202,4.541472507,0.017707363,0.323392358,0.75862069,1.841565704,0.163094129,3.87138863,0.718546132,2146,6158,2.869524697,unsucc
1.081184336,3.47277937,0.709646609,3.198662846,1.854823305,0.106017192,4.277936963,0.039159503,0.275071633,0.539637058,1.654250239,0.144221585,3.701050621,0.70296084,2094,4918,2.348615091,unsucc
1.250388802,3.646967341,0.513219285,2.84525661,1.594090202,0.098755832,3.798600311,0.039657854,0.336702955,0.461897356,1.747278383,0.108087092,3.394245723,0.561430793,2572,6570,2.554432348,unsucc
1.295208655,4.400309119,0.214837713,3.806800618,1.922720247,0.102009274,5.479134467,0.035548686,0.241112828,0.455950541,2.091190108,0.197836167,5.001545595,0.965996909,647,1981,3.061823802,succ
1.376749193,4.447793326,0.231431647,4.278794403,2.346609257,0.092572659,3.594187298,0.010764263,0.459634015,0.709364909,2.444564047,0.184068891,2.834230355,1.020452099,929,2186,2.353067815,succ
1.173564753,4.574098798,0.381842457,4.507343124,3.077436582,0.109479306,4.144192256,0.02670227,0.380507343,0.794392523,2.222963952,0.265687583,3.538050734,1.048064085,749,2236,2.985313752,succ
1.458990536,3.90851735,1.052050473,4.746056782,1.943217666,0.164037855,4.313880126,0.028391167,0.364353312,0.586750789,1.791798107,0.127760252,3.720820189,0.730283912,1268,3544,2.794952681,unsucc
1.537037037,5.981481481,0.407407407,6.643518519,3.111111111,0.166666667,5.12037037,0.006944444,0.553240741,1.291666667,2.796296296,0.226851852,4.321759259,1.296296296,432,1624,3.759259259,succ
1.922800718,6.18491921,0.92459605,6.136445242,3.36983842,0.192100539,4.982046679,0.023339318,0.468581688,0.962298025,2.965888689,0.208258528,4.141831239,1.287253142,1114,3792,3.403949731,unsucc
1.751152074,6.608294931,0.419354839,7.32718894,3.324884793,0.331797235,6.064516129,0.004608295,0.633640553,1.221198157,3.403225806,0.239631336,5.225806452,1.313364055,434,1891,4.357142857,succ
2.715719064,9.906354515,0.809364548,10.11036789,3.705685619,0.277591973,6.939799331,0.023411371,1.160535117,1.739130435,4.531772575,0.240802676,5.408026756,1.62541806,299,1390,4.648829431,succ
2.628620102,5.689948893,0.30834753,4.594548552,3.306643952,0.228279387,5.028960818,0.030664395,0.468483816,0.693356048,2.415672913,0.156729131,4.146507666,1.241908007,1174,3714,3.163543441,unsucc
1.710204082,5.83877551,0.118367347,5.420408163,2.481632653,0.224489796,5.059183673,0.006122449,0.555102041,1.17755102,3.485714286,0.236734694,4.255102041,1.134693878,490,1685,3.43877551,succ
1.83220339,5.540677966,0.911864407,5.727118644,2.318644068,0.133898305,5.154237288,0.001694915,0.389830508,0.877966102,2.491525424,0.250847458,4.405084746,0.83559322,1180,4132,3.501694915,unsucc
1.504978663,4.274537696,0.39544808,4.031294452,2.108108108,0.119487909,4.086770982,0.035561878,0.324324324,0.544807966,2.26173542,0.182076814,3.477951636,0.881934566,703,1903,2.706970128,succ
1.240859232,2.830438757,0.356032907,2.454753199,1.420932358,0.087751371,2.755941499,0.007312614,0.195612431,0.344606947,1.271023766,0.092778793,2.389853748,0.444241316,4376,7960,1.819012797,unsucc
1.314741036,3.941567065,0.158034529,3.581673307,1.771580345,0.096945551,3.551128818,0.023904382,0.280212483,0.701195219,1.816733068,0.204515272,3.135458167,0.727755644,1506,3690,2.450199203,unsucc
1.325,3.472115385,0.134615385,2.548076923,1.379807692,0.097115385,3.567307692,0.021153846,0.227884615,0.432692308,1.815384615,0.208653846,3.188461538,0.599038462,1040,2635,2.533653846,succ
1.492254733,4.597246127,0.077452668,4.641996558,2.354561102,0.113597246,4.588640275,0.025817556,0.363166954,0.845094664,2.115318417,0.194492255,3.969018933,0.836488812,1162,3386,2.91394148,unsucc
2.185185185,5.553872054,0.372053872,4.873737374,2.808080808,0.132996633,5.585858586,0.021885522,0.515151515,0.818181818,2.764309764,0.203703704,4.845117845,1.074074074,1188,3988,3.356902357,unsucc
1.954248366,8.39869281,0.810457516,9.132897603,4.043572985,0.331154684,7.481481481,0.021786492,0.934640523,1.474945534,4.209150327,0.322440087,6.333333333,1.782135076,459,2031,4.424836601,succ
1.8,6.071428571,0.2,5.676190476,2.771428571,0.244444444,4.657142857,0.012698413,0.558730159,0.90952381,2.817460317,0.271428571,3.850793651,1.119047619,630,1981,3.144444444,succ
1.482384824,4.617886179,0.372628726,4.223577236,2.356368564,0.154471545,4.573170732,0.009485095,0.372628726,0.761517615,2.308943089,0.224932249,3.909214092,0.945799458,1476,5002,3.388888889,unsucc
1.274193548,4.158602151,0.706989247,5.301075269,2.168010753,0.182795699,4.25,0.00672043,0.543010753,0.713709677,2.036290323,0.169354839,3.459677419,0.809139785,1488,4354,2.926075269,unsucc
2.135440181,5.273137698,0.169300226,4.934537246,2.46275395,0.200902935,4.553047404,0.004514673,0.492099323,0.887133183,2.688487585,0.167042889,3.799097065,1.153498871,443,1463,3.30248307,succ
2.534722222,9.628472222,0.336805556,9.350694444,4.548611111,0.319444444,8.652777778,0.010416667,1,1.288194444,4.972222222,0.347222222,7.260416667,1.965277778,288,1685,5.850694444,succ
1.628726287,4.08401084,0.341463415,3.930894309,2.050135501,0.18699187,4.18699187,0.006775068,0.436314363,0.657181572,1.840108401,0.138211382,3.594850949,0.578590786,1476,3548,2.403794038,unsucc
1.220735786,5.056856187,0.491638796,5.341137124,2.742474916,0.178929766,4.705685619,0.023411371,0.630434783,1.112040134,2.608695652,0.252508361,3.903010033,1.015050167,598,1890,3.160535117,succ
1.647985989,5.248686515,0.408056042,4.954465849,2.329246935,0.206654991,5.218914186,0.033274956,0.472854641,0.807355517,2.401050788,0.204903678,4.679509632,0.894921191,1142,4134,3.619964974,unsucc
1.952380952,6.670194004,0.811287478,6.470899471,3.559082892,0.211640212,5.273368607,0.02292769,0.601410935,1.153439153,3.409171076,0.216931217,4.46031746,1.398589065,567,2177,3.839506173,succ
1.264802632,4.361842105,0.40625,5.044407895,2.587171053,0.286184211,3.527960526,0.004934211,0.606907895,0.835526316,2.478618421,0.148026316,2.639802632,0.754934211,1216,2646,2.175986842,unsucc
1.777083333,5.4625,0.7,5.26875,1.991666667,0.25625,5.479166667,0.05,0.364583333,0.88125,2.091666667,0.210416667,4.904166667,0.8375,960,2568,2.675,unsucc
1.598499062,4.532833021,0.418386492,4.150093809,2.120075047,0.157598499,4.200750469,0.024390244,0.410881801,0.662288931,2.198874296,0.131332083,3.609756098,0.750469043,1066,2884,2.705440901,unsucc
0.958775029,3.025912839,0.432273263,3.419316843,1.412249706,0.120141343,3.38869258,0.015312132,0.262661955,0.424028269,1.640753828,0.098939929,2.885747939,0.551236749,849,1697,1.998822144,succ
1.505494505,5.796703297,0.853479853,6.423076923,2.684981685,0.256410256,4.97985348,0.021978022,0.441391941,0.996336996,2.912087912,0.148351648,4.078754579,1.144688645,546,1828,3.347985348,succ
1.65329053,5.454253612,0.595505618,5.695024077,3.099518459,0.138041734,4.836276083,0.020866774,0.487961477,0.783306581,2.582664526,0.258426966,4.06741573,1.040128411,623,2108,3.383627608,succ
2.030959752,4.1625387,0.143962848,3.092879257,2.59752322,0.120743034,3.907120743,0.030959752,0.275541796,0.458204334,2.286377709,0.164086687,3.39628483,0.659442724,1292,3404,2.634674923,unsucc
0.522916667,3.233333333,0.56875,4.745833333,1.841666667,0.291666667,3.754166667,0.008333333,0.35,0.595833333,1.514583333,0.075,3.179166667,0.83125,480,1202,2.504166667,succ
1.324850299,5.073353293,0.241017964,3.965568862,2.486526946,0.152694611,4.282934132,0.02245509,0.380239521,0.648203593,2.333832335,0.200598802,3.71257485,1.023952096,1336,3842,2.875748503,unsucc
1.775815217,5.512228261,0.683423913,5.573369565,2.858695652,0.221467391,5.207880435,0.042119565,0.47826087,0.701086957,2.891304348,0.182065217,4.349184783,1.016304348,736,2556,3.472826087,succ
2.352941176,6.3290938,0.294117647,6.004769475,3.265500795,0.19554849,6.022257552,0.030206677,0.632750397,1.157392687,3.3290938,0.319554849,4.915739269,1.166931638,629,2613,4.154213037,succ
1.780821918,3.935616438,0.130136986,2.905479452,2.505479452,0.163013699,3.273972603,0.015068493,0.193150685,0.445205479,2.408219178,0.142465753,2.847945205,0.853424658,1460,3132,2.145205479,unsucc
1.888399413,6.330885952,0.693587861,5.246696035,2.107195301,0.150758688,5.94371023,0.01566324,0.407733725,0.847283407,3.258443465,0.253548703,5.231522271,0.980910426,4086,16384,4.009789525,unsucc
1.434782609,4.027950311,0.463975155,3.699378882,1.989440994,0.223602484,3.942857143,0.033540373,0.327329193,0.531055901,2.013043478,0.175776398,3.357763975,0.706832298,3220,8386,2.604347826,unsucc
1.247947455,4.295566502,0.661740558,4.249589491,2.287356322,0.218390805,3.666666667,0.019704433,0.371100164,0.753694581,2.308702791,0.121510673,3.08045977,0.965517241,609,1599,2.625615764,succ
1.93114241,5.042253521,0.726134585,5.405320814,2.492957746,0.197183099,4.953051643,0.014084507,0.391236307,0.807511737,2.494522692,0.195618153,4.165884194,0.998435055,639,2229,3.488262911,succ
1.938411669,5.685575365,0.580226904,5.085899514,2.612641815,0.226904376,4.82171799,0.022690438,0.521880065,0.944894652,3.238249595,0.184764992,4.162074554,1.102106969,617,1910,3.095623987,succ
1.764341085,4.784496124,0.996899225,4.871317829,2.610852713,0.209302326,4.578294574,0.020155039,0.389147287,0.829457364,2.35503876,0.11627907,4.009302326,0.855813953,645,1989,3.08372093,succ
1.953815261,5.740963855,0.074297189,5.058232932,3.606425703,0.267068273,4.291164659,0.036144578,0.53815261,1.267068273,2.242971888,0.347389558,3.694779116,0.885542169,996,2716,2.726907631,unsucc
2.178528347,5.852834741,0.324487334,5.632086852,2.177322075,0.208685163,5.311218335,0.02291918,0.515078408,1.25331725,2.863691194,0.162846803,4.553679131,0.882991556,1658,5760,3.474065139,unsucc
0.93877551,3.272108844,0.612244898,4.209912536,1.756073858,0.130223518,3.914480078,0.016520894,0.328474247,0.80952381,1.813411079,0.090379009,3.490767736,0.932944606,1029,2705,2.628765792,succ
0.856198347,4.008264463,0.304132231,4.084297521,2,0.080991736,3.829752066,0.011570248,0.490909091,0.588429752,1.284297521,0.06446281,3.246280992,0.408264463,1210,2844,2.350413223,unsucc
1.633663366,5.234794908,0.98019802,4.762376238,2.473833098,0.189533239,5.026874116,0.018387553,0.445544554,0.677510608,2.384724187,0.151343706,4.352192362,0.838755304,1414,4552,3.219236209,unsucc
2.15601023,7.173913043,0.691815857,7.037084399,3.934782609,0.267263427,5.433503836,0.038363171,0.881074169,0.89258312,3.959079284,0.350383632,4.245524297,1.281329923,1564,6290,4.02173913,unsucc
1.998134328,4.878731343,0.503731343,5.298507463,2.671641791,0.134328358,5.328358209,0.005597015,0.542910448,0.800373134,2.720149254,0.179104478,4.509328358,1.115671642,536,2056,3.835820896,succ
1.638643068,4.522123894,0.793510324,3.890855457,2.175516224,0.125368732,3.081120944,0.014749263,0.356932153,0.685840708,1.851032448,0.107669617,2.533923304,0.660766962,1356,2502,1.845132743,unsucc
1.266606822,3.185816876,0.458707361,3.496409336,2.02064632,0.136445242,3.599640934,0.002692998,0.208258528,0.467684022,1.417414722,0.120287253,3.131956912,0.673249551,1114,2936,2.635547576,succ
1.826771654,5.080314961,0.703937008,4.470866142,2.475590551,0.11496063,4.842519685,0.031496063,0.381102362,0.74015748,2.525984252,0.179527559,4.244094488,0.949606299,635,2025,3.188976378,succ
2.254237288,11.69915254,1,12.43220339,6.292372881,0.330508475,11.31779661,0.06779661,1.207627119,2.644067797,4.881355932,0.538135593,9.961864407,2.855932203,472,3590,7.605932203,unsucc
2.692307692,4.942307692,0.269230769,5.038461538,2.423076923,0.442307692,5.384615385,0.019230769,0.461538462,1.230769231,2.480769231,0.173076923,4.653846154,1.115384615,52,203,3.903846154,succ
1.369433198,4.332995951,0.293522267,3.851214575,1.700404858,0.164979757,3.976720648,0.012145749,0.382591093,0.58805668,2.062753036,0.213562753,3.287449393,0.671052632,1976,5426,2.745951417,unsucc
1.82322357,5.987868284,0.613518198,6.525129983,2.502599653,0.180242634,6.01559792,0.008665511,0.662045061,1.112651646,3.171577123,0.305025997,5.180242634,1.362218371,577,2463,4.268630849,succ
0.988137604,3.900355872,0.556346382,4.285883749,1.880189798,0.079478055,3.277580071,0.004744958,0.37366548,0.652431791,1.903914591,0.136417556,2.674970344,0.856465006,1686,3854,2.285883749,unsucc
1.063021316,4.069508804,0.125115848,4.263206673,1.759036145,0.115848007,3.617238184,0.007414272,0.543095459,0.795180723,2.131603336,0.113067655,3.109360519,0.873030584,1079,2707,2.508804449,succ
1.714527027,4.606418919,0.434121622,4.349662162,2.434121622,0.141891892,4.621621622,0.064189189,0.429054054,0.714527027,2.574324324,0.185810811,4.003378378,0.876689189,1184,3732,3.152027027,unsucc
1.102910603,3.651767152,0.186070686,3.878378378,1.471933472,0.180873181,3.723492723,0.014553015,0.372141372,0.635135135,1.742203742,0.161122661,3.337837838,0.802494802,962,2452,2.548856549,succ
1.989495798,6.380252101,0.737394958,6.153361345,2.569327731,0.193277311,5.386554622,0.025210084,0.5,1.151260504,3.342436975,0.218487395,4.674369748,1.109243697,952,3386,3.556722689,unsucc
2.09331652,6.161412358,0.53593947,5.9407314,2.924337957,0.179066835,5.998738966,0.034047919,0.592686003,0.915510719,2.9407314,0.220680958,5.136191677,1.229508197,793,3085,3.890290038,succ
1.709386282,6.700361011,0.395306859,8.924187726,3.812274368,0.157039711,5.891696751,0.019855596,0.810469314,1.032490975,3.397111913,0.467509025,4.750902527,1.833935018,1108,4398,3.969314079,unsucc
4.014534884,10.77906977,1.319767442,9.072674419,5.793604651,0.319767442,8.938953488,0.031976744,0.837209302,1.375,5.933139535,0.377906977,7.761627907,1.956395349,344,2398,6.970930233,succ
1.443920829,4.862393968,0.499528746,4.648444863,2.220546654,0.126295947,4.162111216,0.002827521,0.383600377,0.573044298,2.232799246,0.153628652,3.406220547,0.78793591,1061,2690,2.535344015,succ
1.073937153,3.277264325,0.364140481,3.077634011,1.277264325,0.097966728,3.528650647,0.027726433,0.247689464,0.430683919,1.469500924,0.14232902,3.133086876,0.565619224,1082,2432,2.247689464,unsucc
2.10940919,5.986870897,0.358862144,7.210065646,2.7702407,0.2297593,4.995623632,0.01750547,0.553610503,1.148796499,3.345733042,0.36761488,4.010940919,1.190371991,457,1608,3.518599562,succ
1.959459459,5.552552553,0.301801802,4.843843844,3.096096096,0.244744745,4.343843844,0.021021021,0.481981982,0.774774775,2.93993994,0.159159159,3.617117117,1.481981982,1332,3752,2.816816817,unsucc
1.462962963,4.14691358,0.451851852,3.920987654,2.135802469,0.107407407,4.256790123,0.043209877,0.333333333,0.585185185,1.897530864,0.154320988,3.738271605,0.756790123,1620,4522,2.791358025,unsucc
1.711026616,6.745247148,0.844106464,6.433460076,2.97338403,0.441064639,5.08365019,0.003802281,0.577946768,0.908745247,2.733840304,0.296577947,4.034220532,1.254752852,526,2054,3.904942966,unsucc
1.795037756,5.071197411,0.663430421,4.341963323,2.656957929,0.167206041,4.36785329,0.021574973,0.355987055,0.675296656,2.565264293,0.180151025,3.760517799,0.844660194,927,2899,3.127292341,succ
1.000987167,3.812438302,0.330700888,4.02171767,1.63869694,0.328726555,3.473840079,0.01875617,0.330700888,0.659427443,1.82230997,0.10266535,2.874629812,0.6011846,2026,4410,2.176702863,unsucc
1.547770701,4.364649682,0.984076433,4.063694268,2.079617834,0.133757962,4.401273885,0.038216561,0.461783439,0.527070064,2.192675159,0.162420382,3.753184713,0.74044586,1256,3456,2.751592357,unsucc
1.107442641,3.250699496,0.233351987,3.754896475,1.769445999,0.13654169,3.072188025,0.021824287,0.344711807,0.587576945,1.613878008,0.106883044,2.510912143,0.650251819,3574,7232,2.023503078,unsucc
1.268072289,4.641566265,0.581325301,4.746987952,2.201807229,0.102409639,3.697289157,0.016566265,0.459337349,0.718373494,2.138554217,0.134036145,2.956325301,0.862951807,664,1642,2.472891566,succ
1.029513889,3.104166667,0.324652778,2.899305556,1.644097222,0.086805556,3.935763889,0.083333333,0.210069444,0.621527778,1.402777778,0.112847222,3.588541667,0.503472222,1152,2672,2.319444444,unsucc
1.402843602,5.722748815,0.822274882,6.796208531,2.120853081,0.239336493,6.36492891,0.011848341,0.502369668,0.883886256,2.831753555,0.319905213,5.590047393,0.827014218,844,3980,4.71563981,unsucc
2.267782427,8.012552301,0.566945607,6.983263598,3.458158996,0.654811715,6.131799163,0.027196653,0.654811715,0.935146444,3.539748954,0.246861925,5.138075314,1.19874477,956,3606,3.771966527,unsucc
2.092885375,6.671936759,0.494071146,5.600790514,2.586956522,0.276679842,5.171936759,0.013833992,0.786561265,1.148221344,4.454545455,0.227272727,4.318181818,1.464426877,506,1918,3.790513834,succ
1.407158837,4.422818792,0.390380313,3.810961969,1.973154362,0.142058166,4.225950783,0.015659955,0.222595078,0.631991051,2.062639821,0.174496644,3.81655481,0.931767338,894,2748,3.073825503,succ
1.531620553,5.409090909,1.043478261,6.201581028,2.916996047,0.217391304,4.948616601,0.0256917,0.638339921,0.824110672,2.628458498,0.150197628,4.067193676,0.826086957,506,1686,3.33201581,succ
1.421052632,4.848225214,0.312117503,4.222766218,2.788249694,0.198286414,3.576499388,0.00244798,0.419828641,0.544675643,2.407588739,0.189718482,2.837209302,1.011015912,1634,3968,2.428396573,unsucc
1.944444444,4.765432099,0.058641975,3.99382716,2.419753086,0.226851852,4.25617284,0.027777778,0.450617284,0.788580247,2.558641975,0.157407407,3.459876543,1.00617284,648,1805,2.785493827,succ
1.140988372,4.19622093,0.622093023,4.686046512,1.805232558,0.216569767,4.11627907,0.033430233,0.485465116,0.626453488,2.207848837,0.190406977,3.60755814,0.622093023,688,2014,2.927325581,succ
1.853146853,5.269230769,0.486013986,4.526223776,2.632867133,0.166083916,4.676573427,0.036713287,0.449300699,0.659090909,2.798951049,0.183566434,3.947552448,0.980769231,572,1689,2.952797203,succ
1.058823529,3.872340426,0.501877347,3.683354193,1.768460576,0.133917397,3.695869837,0.005006258,0.327909887,0.733416771,2.181476846,0.117647059,3.19649562,0.787234043,799,2143,2.682102628,succ
1.350985222,4.663793103,0.694581281,5.74137931,2.433497537,0.153940887,4.533251232,0.034482759,0.516009852,0.972906404,2.428571429,0.181034483,3.849753695,1.078817734,812,2566,3.160098522,succ
1.967935872,6.186372745,0.691382766,6.703406814,2.913827655,0.220440882,6.128256513,0.006012024,0.619238477,1.112224449,2.729458918,0.184368737,5.25250501,1.04008016,998,3842,3.849699399,unsucc
2.036363636,5.920454545,0.859090909,5.713636364,3.168181818,0.202272727,5.875,0.022727273,0.579545455,1.097727273,3.243181818,0.259090909,4.988636364,1.172727273,440,1896,4.309090909,succ
0.762443439,3.475113122,0.117647059,3.773755656,1.70361991,0.178733032,3.85520362,0.027149321,0.371040724,0.536199095,1.676470588,0.165158371,3.35520362,0.692307692,884,2092,2.366515837,unsucc
1.886107635,5.501877347,0.958698373,4.59824781,2.143929912,0.177722153,5.145181477,0.027534418,0.265331665,1.055068836,2.660826033,0.214017522,4.563204005,1.085106383,799,3109,3.891113892,succ
2.047540984,5.642622951,0.401639344,5.596721311,2.998360656,0.154098361,5.021311475,0.003278689,0.531147541,1.024590164,2.786885246,0.275409836,4.12295082,1.131147541,610,2178,3.570491803,succ
2.093069307,6.528052805,0.556435644,5.61980198,2.865346535,0.161056106,4.915511551,0.063366337,0.376237624,0.716171617,2.823762376,0.192079208,4.244884488,1.152475248,3030,11406,3.764356436,unsucc
1.187919463,4.842281879,0.875838926,5.790268456,1.889261745,0.19295302,5.122483221,0.010067114,0.469798658,0.939597315,2.25,0.280201342,4.506711409,0.818791946,1192,4450,3.733221477,unsucc
5.094339623,12.49865229,0.781671159,9.681940701,6.309973046,0.315363881,9.625336927,0.010781671,1.218328841,1.76819407,5.722371968,0.204851752,7.819407008,1.649595687,371,825,2.223719677,succ
1.411444142,4.223433243,0.272479564,4.520435967,2.222070845,0.265667575,4.03133515,0.009536785,0.348773842,0.461852861,2.059945504,0.156675749,3.367847411,0.877384196,1468,3574,2.434604905,unsucc
2.453051643,6.329812207,0.449530516,5.179577465,2.732394366,0.213615023,5.521126761,0.012910798,0.424882629,0.766431925,3.32629108,0.219483568,4.781690141,1.10915493,852,3345,3.926056338,succ
0.904918033,4.16557377,0.495081967,5.973770492,2.385245902,0.118032787,3.755737705,0.013114754,0.490163934,0.890163934,2.178688525,0.209836066,3.045901639,0.993442623,610,1633,2.67704918,succ
1.639065817,5.535031847,0.93418259,5.225053079,2.787685775,0.263269639,5.496815287,0.027600849,0.348195329,0.685774947,2.874734607,0.348195329,4.91507431,0.968152866,471,1739,3.692144374,succ
2.130952381,4.71031746,0.33531746,4.101190476,2.485119048,0.12797619,4.58531746,0.023809524,0.37797619,0.646825397,2.158730159,0.209325397,3.806547619,0.908730159,1008,2900,2.876984127,succ
1.483050847,3.398305085,0.108757062,2.975988701,1.646892655,0.238700565,3.572033898,0.005649718,0.286723164,0.497175141,1.564971751,0.151129944,3.190677966,0.639830508,1416,3718,2.625706215,unsucc
2.31408776,6.277136259,0.207852194,6.094688222,3.341801386,0.189376443,5.722863741,0.006928406,0.644341801,0.956120092,3.554272517,0.284064665,4.68591224,1.251732102,433,1667,3.849884527,succ
1.095628415,3.931693989,0.068306011,3.117486339,1.846994536,0.086065574,3.897540984,0.024590164,0.225409836,0.549180328,1.721311475,0.209016393,3.468579235,0.911202186,1464,4002,2.733606557,unsucc
1.079573935,2.481829574,0.197368421,2.202380952,1.490601504,0.086466165,2.912280702,0.062030075,0.219924812,0.394110276,1.256265664,0.081453634,2.565162907,0.476190476,3192,5662,1.773809524,unsucc
1.190402477,3.738390093,0.419504644,3.311145511,1.825077399,0.10371517,4.263157895,0.024767802,0.275541796,0.657894737,1.752321981,0.167182663,3.713622291,0.786377709,1292,3232,2.501547988,unsucc
1.692923899,4.937249666,0.355140187,5.085447263,2.905206943,0.165554072,5.447263017,0.037383178,0.496662216,0.750333778,2.328437917,0.210947931,4.779706275,1.041388518,749,2556,3.412550067,succ
2.356913183,8.29903537,0.967845659,8.797427653,3.977491961,0.189710611,6.536977492,0.064308682,1.061093248,1.405144695,4.263665595,0.318327974,5.308681672,1.495176849,622,2886,4.639871383,unsucc
1.396248535,4.452520516,0.507620164,4.314185229,1.996483001,0.177022274,4.011723329,0,0.409144197,0.547479484,2.528722157,0.15943728,3.407971864,0.851113716,853,2320,2.719812427,succ
1.352644836,5.481108312,0.068010076,4.831234257,2.725440806,0.188916877,4.493702771,0.025188917,0.43324937,0.884130982,2.463476071,0.153652393,3.700251889,0.869017632,794,2588,3.259445844,unsucc
1.247071353,2.767838126,0.089456869,2.465388711,1.645367412,0.062832801,3.259850905,0.050053248,0.216187433,0.350372737,1.251331203,0.134185304,2.937167199,0.431309904,1878,3746,1.994675186,unsucc
1.571952337,3.566452796,0.410632447,2.608615949,1.991750687,0.121906508,3.384051329,0.038496792,0.245646196,0.373968836,1.835930339,0.180568286,2.962419798,0.74335472,2182,4804,2.201649863,unsucc
1.852652259,5.858546169,0.591355599,5.339882122,2.844793713,0.294695481,4.728880157,0.015717092,0.499017682,1.237721022,2.988212181,0.172888016,4.00589391,1.129666012,509,1662,3.265225933,succ
2.898706897,7.911637931,0.637931034,7.230603448,4.040948276,0.306034483,6.989224138,0.051724138,0.668103448,1.342672414,4.407327586,0.336206897,5.808189655,1.655172414,928,4548,4.900862069,unsucc
0.920823436,2.513855899,0.213776722,2.057007126,1.37212985,0.136975455,3.333333333,0.011084719,0.198733175,0.269200317,1.212984956,0.097387173,2.963578781,0.39746635,1263,2146,1.699129058,succ
2.790780142,7.127659574,1.156028369,6.372340426,3.631205674,0.30141844,6.992907801,0.010638298,0.482269504,0.897163121,3.645390071,0.343971631,6.046099291,1.163120567,564,2276,4.035460993,unsucc
1.626826029,3.97875166,0.418326693,3.274900398,1.990703851,0.144754316,4.13811421,0.043824701,0.288180611,0.428950863,2.02124834,0.188579017,3.6812749,0.67065073,1506,4210,2.795484728,unsucc
1.977443609,4.571428571,0.15037594,3.612030075,2.027067669,0.114285714,4.001503759,0.016541353,0.395488722,0.577443609,2.272180451,0.141353383,3.415037594,0.772932331,1330,3422,2.572932331,unsucc
1.728962818,5.349315068,0.108610568,4.888454012,2.581213307,0.189823875,5.3962818,0.026418787,0.508806262,0.471624266,2.945205479,0.271037182,4.464774951,1.13111546,2044,6786,3.319960861,unsucc
1.251256281,4.302512563,0.348743719,4.384924623,2.765829146,0.174874372,4.350753769,0.058291457,0.364824121,0.612060302,2.003015075,0.172864322,3.830150754,0.948743719,1990,5594,2.811055276,unsucc
1.430668842,4.556280587,0.280587276,4.729200653,2.889070147,0.215334421,5.039151713,0.092985318,0.419249592,0.787928222,2.210440457,0.28548124,4.438825449,1.176182708,1226,3688,3.008156607,unsucc
1.483031674,4.71040724,0.218325792,4.304298643,2.581447964,0.115384615,4.56561086,0.088235294,0.42081448,0.722850679,2.167420814,0.199095023,4.021493213,1.020361991,1768,5008,2.832579186,unsucc
1.191740413,3.320550639,0.560471976,3.208456244,1.667649951,0.107177974,3.21927237,0.014749263,0.258603736,0.49754179,1.548672566,0.089478859,2.849557522,0.560471976,2034,4810,2.364798427,unsucc
1.086597938,2.85257732,0.327835052,2.784536082,1.425773196,0.1,3.268041237,0.040206186,0.278350515,0.382474227,1.372164948,0.074226804,2.828865979,0.422680412,1940,3422,1.763917526,unsucc
1.075987842,4.492401216,0.434650456,4.632218845,1.261398176,0.284194529,4.604863222,0.006079027,0.404255319,0.96656535,1.638297872,0.127659574,4.05775076,0.740121581,658,2115,3.214285714,succ
0.907637655,4.930728242,0.820603908,5.301953819,2.746003552,0.277087034,4.170515098,0.055062167,0.479573712,0.69982238,2.218472469,0.156305506,3.468916519,1.001776199,1126,3216,2.856127886,unsucc
1.324468085,4.765957447,0.306737589,4.246453901,2.10106383,0.159574468,4.445035461,0.007092199,0.377659574,0.90248227,2.420212766,0.191489362,3.888297872,0.906028369,1128,3664,3.24822695,unsucc
1.621705426,6.031007752,0.4,6.762790698,2.711627907,0.302325581,6.341085271,0.024806202,0.527131783,1.434108527,3.113178295,0.260465116,5.496124031,1.269767442,645,2919,4.525581395,succ
1.317931793,3.811881188,0.326732673,3.907590759,1.809680968,0.211221122,4.638063806,0.0330033,0.342134213,0.627062706,2.00220022,0.199119912,4.102310231,0.761276128,1818,5882,3.235423542,unsucc
1.599662162,5.503378378,0.841216216,6.069256757,3.489864865,0.141891892,4.976351351,0.015202703,0.521959459,1.101351351,2.783783784,0.226351351,4.152027027,1.027027027,592,2110,3.564189189,succ
1.808801214,5.828528073,0.209408194,4.406676783,2.443095599,0.148710167,5.323216995,0.036418816,0.562974203,0.772382398,3.35508346,0.176024279,4.590288316,1.361153263,659,2490,3.7784522,succ
1.274853801,5.347953216,0.456140351,5.657894737,2.438596491,0.134502924,4.69005848,0.014619883,0.614035088,1.102339181,2.941520468,0.245614035,4.029239766,1.18128655,342,1243,3.634502924,succ
1.6152019,5.318289786,0.289786223,5.441805226,1.916864608,0.163895487,4.190023753,0.028503563,0.596199525,0.850356295,2.672209026,0.216152019,3.375296912,0.821852732,842,2114,2.510688836,unsucc
1.099796334,6.016293279,0.352342159,5.845213849,2.66395112,0.244399185,5.454175153,0.032586558,0.486761711,0.904276986,2.957230143,0.303462322,4.775967413,1.362525458,491,1879,3.82688391,succ
2.07014218,3.577251185,0.133649289,2.365876777,1.693838863,0.116587678,3.838862559,0.082464455,0.186729858,0.308056872,1.697630332,0.110900474,3.41042654,0.676777251,2110,5144,2.437914692,unsucc
2.837362637,7.536263736,1.263736264,6.549450549,3.527472527,0.384615385,5.789010989,0.041758242,0.593406593,1.068131868,3.72967033,0.186813187,4.740659341,1.195604396,910,3218,3.536263736,unsucc
0.909840289,3.658423493,0.400309119,3.646573931,1.543019062,0.176713035,3.340030912,0.024214323,0.386913962,0.513137558,1.881504379,0.193199382,2.923750644,0.845955693,3882,9142,2.354971664,unsucc
