0.05689,0.048484,0.04278,0.033173,0.032273,0.022966,0.029421,0.031522,0.025668,0.020414,0.01366,0.01381,0.019514,0.01486,0.01366,0.008706,0.018313,0.016061,unsucc
0.067714,0.05496,0.048255,0.029255,0.030964,0.032082,0.022747,0.026428,0.02301,0.023667,0.014726,0.014726,0.018211,0.011045,0.014858,0.007758,0.016501,0.013872,unsucc
0.057176,0.05501,0.052304,0.025577,0.034779,0.028351,0.019284,0.026862,0.026118,0.022058,0.015224,0.016036,0.026321,0.013803,0.013939,0.008052,0.014818,0.019758,unsucc
0.05592,0.050095,0.043687,0.036843,0.024028,0.031455,0.02796,0.000146,0.000146,0.014708,0.02097,0.020824,0.018931,0.016892,0.015582,0.013689,0.014562,0.000146,succ
9.80E-05,9.80E-05,9.80E-05,9.80E-05,9.80E-05,0.038956,9.80E-05,9.80E-05,9.80E-05,9.80E-05,0.020508,0.021293,0.020312,0.014523,0.018153,0.008635,9.80E-05,0.011284,succ
0.050053,0.04755,0.045969,0.033983,0.03833,0.026212,0.026607,0.029768,0.028583,0.02147,0.017782,0.01383,0.021207,0.019099,0.020811,0.010011,0.013567,0.014752,unsucc
0.061183,0.052442,0.05964,0.036504,0.028792,0.037532,0.028278,0.026735,0.030334,0.020051,0.026221,0.020051,0.012339,0.013368,0.017481,0.017481,0.012853,0.013882,unsucc
0.045272,0.048002,0.046565,0.030612,0.032481,0.031906,0.020983,0.019977,0.019258,0.017103,0.020408,0.025295,0.022995,0.018684,0.01854,0.011641,0.015522,0.014085,succ
0.063007,0.050891,0.047013,0.03526,0.031383,0.030534,0.028959,0.027505,0.025688,0.023143,0.017085,0.020114,0.017448,0.013813,0.012844,0.009088,0.012965,0.015873,unsucc
7.60E-05,7.60E-05,7.60E-05,7.60E-05,7.60E-05,0.027528,7.60E-05,7.60E-05,7.60E-05,7.60E-05,0.019133,0.020343,0.018528,0.019133,0.013991,0.0121,7.60E-05,0.010285,unsucc
0.04801,0.051661,0.049836,0.032129,0.034684,0.038518,0.026104,0.020993,0.019168,0.023366,0.024279,0.022636,0.020263,0.014786,0.018255,0.014421,0.010953,0.013143,succ
0.04184,0.046654,0.038851,0.033372,0.027395,0.03387,0.029055,0.010626,0.008634,0.017931,0.027561,0.029387,0.019426,0.018263,0.018263,0.02092,0.015939,0.009132,succ
0.04921,0.05013,0.047524,0.026522,0.0348,0.036946,0.021156,0.021922,0.017323,0.019929,0.022842,0.022536,0.024222,0.017477,0.017477,0.011344,0.013184,0.015484,succ
0.055621,0.04126,0.041903,0.028078,0.029043,0.026578,0.023363,0.034187,0.03258,0.023792,0.015325,0.013825,0.019719,0.014682,0.014682,0.00643,0.014361,0.016826,succ
0.053882,0.046797,0.041482,0.031887,0.031001,0.027015,0.025539,0.033658,0.027901,0.020815,0.023324,0.02421,0.019043,0.019486,0.019929,0.014172,0.011957,0.018601,succ
0.062678,0.047118,0.043393,0.036489,0.030024,0.027833,0.032544,0.02838,0.029257,0.021587,0.019066,0.019176,0.017313,0.014902,0.018299,0.012163,0.016765,0.016875,unsucc
0.046707,0.041471,0.039956,0.034445,0.034169,0.026316,0.02728,0.022458,0.022458,0.019289,0.019978,0.018187,0.02232,0.020529,0.022596,0.017911,0.0124,0.014467,succ
0.062441,0.050733,0.045485,0.035123,0.034181,0.026376,0.027049,0.020859,0.018975,0.023954,0.021531,0.020993,0.020455,0.014265,0.01736,0.008882,0.020051,0.011304,succ
7.80E-05,7.80E-05,7.80E-05,7.80E-05,7.80E-05,0.041181,7.80E-05,7.80E-05,7.80E-05,7.80E-05,0.01958,0.020746,0.023388,0.017094,0.01554,0.012976,7.80E-05,0.013908,succ
0.048671,0.049399,0.045515,0.034106,0.034713,0.031072,0.026581,0.027916,0.021119,0.019298,0.017963,0.019177,0.025003,0.015779,0.017599,0.008375,0.014444,0.016871,succ
0.055949,0.048197,0.050219,0.034715,0.02966,0.029323,0.032356,0.022919,0.021571,0.022245,0.016515,0.013145,0.019211,0.016178,0.016515,0.014156,0.018537,0.014156,unsucc
0.046838,0.058235,0.059764,0.0246,0.026546,0.05337,0.026685,0.018346,0.012092,0.017929,0.030299,0.025851,0.02599,0.016956,0.013482,0.008339,0.014454,0.013343,succ
0.062367,0.045378,0.047069,0.030595,0.038317,0.020813,0.02302,0.029565,0.028609,0.026697,0.012135,0.013753,0.022652,0.016254,0.014415,0.008752,0.011694,0.012797,unsucc
0.055886,0.046189,0.046502,0.041393,0.021166,0.029194,0.036805,0.02617,0.01981,0.014597,0.028725,0.025753,0.012512,0.01564,0.013659,0.021843,0.010114,0.017099,unsucc
0.054592,0.041994,0.043286,0.033165,0.03661,0.023258,0.024443,0.032519,0.030688,0.024981,0.017551,0.017336,0.017336,0.015506,0.017336,0.011306,0.011629,0.016152,succ
0.043762,0.057129,0.05,0.028119,0.026931,0.039208,0.020891,0.01901,0.01703,0.019505,0.021089,0.025347,0.023762,0.016931,0.01297,0.010594,0.01495,0.013465,unsucc
0.067301,0.044397,0.047569,0.031712,0.035588,0.031008,0.026427,0.027484,0.025722,0.021494,0.022551,0.018323,0.020085,0.013742,0.013742,0.007047,0.01339,0.016561,succ
0.057224,0.041328,0.037266,0.037443,0.041152,0.023137,0.02349,0.029671,0.029848,0.025786,0.014483,0.017838,0.020311,0.017308,0.019075,0.009537,0.019251,0.013599,succ
0.060828,0.049768,0.050838,8.90E-05,0.029254,0.017481,8.90E-05,0.033357,0.028362,0.023903,8.90E-05,8.90E-05,0.018908,8.90E-05,8.90E-05,8.90E-05,0.013022,0.018195,unsucc
0.057563,0.066539,0.059718,0.032432,0.030158,0.036979,0.024533,0.027405,0.021541,0.019148,0.019268,0.018191,0.019866,0.011848,0.013164,0.006702,0.013523,0.019387,succ
0.061632,0.044705,0.038628,0.033709,0.035156,0.025608,0.031105,0.031395,0.024884,0.023293,0.018808,0.018808,0.019242,0.016927,0.018953,0.012297,0.011429,0.016348,succ
0.045933,0.049359,0.049486,0.033879,0.02855,0.025377,0.026646,0.02322,0.021571,0.014465,0.023094,0.020683,0.020556,0.017637,0.016242,0.015734,0.012943,0.0151,succ
0.053506,0.059262,0.053789,0.035765,0.027932,0.032651,0.02529,0.020383,0.018968,0.016797,0.026328,0.025668,0.016797,0.015476,0.017363,0.013872,0.011135,0.014344,succ
0.045497,0.043993,0.043429,0.037789,0.029141,0.029141,0.027637,0.025193,0.022373,0.018237,0.019177,0.020117,0.019553,0.014852,0.015792,0.016356,0.012032,0.013912,succ
0.00013,0.00013,0.00013,0.00013,0.00013,0.03116,0.00013,0.00013,0.00013,0.00013,0.019948,0.017731,0.019948,0.014602,0.01395,0.007823,0.00013,0.013559,succ
0.057259,0.061638,0.055961,0.023844,0.031144,0.039092,0.021898,0.021573,0.016869,0.019789,0.018005,0.017843,0.018491,0.011354,0.012652,0.006813,0.0206,0.012652,succ
0.056646,0.056646,0.056248,0.031308,0.030379,0.035288,0.02242,0.021889,0.020828,0.018971,0.019369,0.017113,0.017644,0.010215,0.013399,0.009021,0.010215,0.01247,succ
0.040899,0.045114,0.038714,0.027318,0.028411,0.032938,0.020137,0.019825,0.018576,0.018108,0.018576,0.023728,0.021855,0.019201,0.01483,0.011708,0.014986,0.011708,succ
0.062595,0.059905,0.05578,0.03354,0.032822,0.039458,0.027262,0.020626,0.01937,0.023854,0.020716,0.02224,0.022599,0.016321,0.015066,0.007892,0.012734,0.013093,unsucc
0.046754,0.050683,0.048325,0.030056,0.030744,0.035655,0.021412,0.018368,0.017091,0.018073,0.019841,0.018269,0.019841,0.015912,0.018073,0.014635,0.01601,0.013751,unsucc
0.04711,0.054446,0.048368,0.033223,0.024577,0.043127,0.026883,0.022795,0.020804,0.01745,0.022481,0.023738,0.018551,0.013677,0.014254,0.011686,0.014725,0.016035,unsucc
0.049548,0.040655,0.039808,0.040796,0.032891,0.01694,0.030068,0.023998,0.020751,0.020892,0.018916,0.016798,0.016234,0.016516,0.016657,0.014681,0.013975,0.014963,unsucc
0.071848,0.041022,0.040422,0.034545,0.032146,0.019072,0.033585,0.030467,0.029387,0.027288,0.017033,0.014514,0.016133,0.020031,0.014394,0.011035,0.012355,0.012594,unsucc
0.072232,0.056985,0.055079,0.035068,0.034877,0.033734,0.029922,0.026301,0.026301,0.027254,0.019059,0.021536,0.02287,0.020393,0.014675,0.009529,0.008195,0.01315,succ
0.050077,0.05208,0.046306,0.031813,0.031696,0.029575,0.026982,0.025097,0.01897,0.022387,0.022034,0.019795,0.019206,0.019088,0.016967,0.012254,0.012843,0.014493,succ
0.061996,0.046632,0.043731,0.034705,0.033953,0.029225,0.031374,0.025894,0.022564,0.025572,0.020522,0.020415,0.020522,0.023531,0.019018,0.012786,0.016224,0.013216,unsucc
0.047593,0.04634,0.045227,0.036181,0.029223,0.03646,0.036181,0.016977,0.015725,0.018508,0.027554,0.023379,0.020596,0.018508,0.018926,0.02324,0.016977,0.012107,succ
0.047392,0.047583,0.043952,0.027518,0.024842,0.028855,0.023314,0.023122,0.02102,0.014905,0.019683,0.020447,0.018727,0.015479,0.012803,0.009173,0.014523,0.015861,unsucc
0.045514,0.053688,0.050901,0.029723,0.028794,0.047186,0.025079,0.018577,0.018391,0.01802,0.023779,0.023221,0.021735,0.015047,0.016719,0.00966,0.016905,0.010217,succ
0.050512,0.051016,0.043378,0.033722,0.031417,0.03012,0.027814,0.023202,0.019599,0.02104,0.018014,0.02104,0.01787,0.019455,0.016717,0.014844,0.014267,0.015564,unsucc
0.051992,0.058238,0.055199,0.030891,0.031567,0.037981,0.024814,0.019581,0.017725,0.017893,0.024477,0.021776,0.025827,0.016374,0.017049,0.008947,0.016374,0.015868,succ
0.059939,0.055645,0.056361,0.024512,0.031848,0.034711,0.020576,0.02165,0.020934,0.021471,0.020576,0.018787,0.019324,0.010914,0.014672,0.006441,0.013956,0.012167,succ
0.054849,0.042439,0.043512,0.036924,0.024973,0.022522,0.034625,0.030029,0.032174,0.021296,0.023748,0.018692,0.015627,0.017926,0.015321,0.021143,0.013176,0.021143,unsucc
0.052925,0.047702,0.049095,0.02977,0.035864,0.02977,0.023329,0.000174,0.000174,0.024373,0.014624,0.019847,0.02507,0.020543,0.018802,0.009749,0.016713,0.000174,succ
0.061276,0.054485,0.050379,0.030006,0.033323,0.03585,0.024716,0.027479,0.021162,0.024005,0.015477,0.020057,0.019583,0.013898,0.014529,0.008844,0.012003,0.016267,unsucc
0.051164,0.047037,0.044892,0.036805,0.031028,0.027232,0.026572,0.024096,0.025417,0.022281,0.016669,0.01931,0.021456,0.017165,0.017,0.010233,0.009738,0.012708,succ
0.055958,0.046527,0.042755,0.034958,0.02909,0.022677,0.031437,0.036635,0.032359,0.020958,0.018611,0.016264,0.019323,0.01597,0.015006,0.015006,0.012533,0.019868,unsucc
0.061189,0.057853,0.051005,0.031604,0.031692,0.034062,0.024844,0.028356,0.024669,0.019489,0.020279,0.021859,0.023176,0.015802,0.01589,0.010359,0.017031,0.015626,unsucc
0.067565,0.045197,0.049334,0.02911,0.041826,0.021143,0.025892,0.035545,0.028037,0.025892,0.017006,0.015168,0.024207,0.018845,0.017313,0.011338,0.014249,0.018232,succ
0.053726,0.063147,0.059696,0.030687,0.02705,0.041507,0.028262,0.022199,0.020614,0.017349,0.026956,0.023412,0.022666,0.017069,0.015577,0.012685,0.015111,0.016883,unsucc
0.055209,0.04389,0.040964,0.03234,7.70E-05,0.023023,0.028721,0.029645,0.028721,7.70E-05,0.02002,0.017941,7.70E-05,7.70E-05,7.70E-05,0.012551,0.015169,0.015323,unsucc
0.056506,0.061949,0.050156,0.032011,0.034215,0.034733,0.022421,0.01957,0.013738,0.017885,0.01957,0.02592,0.023458,0.011534,0.014515,0.010368,0.015811,0.014256,succ
0.058309,0.058036,0.052711,0.000137,0.028813,0.033047,0.000137,0.023351,0.022122,0.021576,0.000137,0.000137,0.02103,0.000137,0.000137,0.000137,0.015021,0.014611,succ
0.054756,0.048524,0.045407,0.034872,0.030272,0.024633,0.028639,0.026413,0.020478,0.020033,0.02211,0.021665,0.020329,0.015878,0.017065,0.014097,0.014839,0.013207,unsucc
0.04277,0.056079,0.051593,0.030058,0.023179,0.039031,0.021385,0.020637,0.018095,0.015104,0.020936,0.020637,0.020488,0.014954,0.013908,0.010169,0.015403,0.016599,unsucc
0.05272,0.05167,0.037387,0.026885,0.029406,0.033606,0.021844,0.039067,0.028355,0.020164,0.015963,0.020584,0.019744,0.015753,0.018273,0.007351,0.013863,0.020164,succ
0.054566,0.061691,0.055128,0.035065,0.029814,0.033752,0.028689,0.022689,0.019314,0.018564,0.020626,0.020814,0.020814,0.018001,0.019126,0.011813,0.012376,0.016126,succ
0.055664,0.053022,0.04893,0.034524,0.029239,0.029154,0.028557,8.50E-05,8.50E-05,0.017475,0.019691,0.022249,0.018242,0.013128,0.015344,0.013639,0.015344,8.50E-05,unsucc
0.049357,0.049833,0.043485,0.033963,0.028726,0.028091,0.024441,0.016823,0.01222,0.018568,0.022536,0.022219,0.020949,0.019679,0.016664,0.013173,0.021425,0.01587,succ
0.063283,0.059373,0.060261,0.029508,0.028442,0.027909,0.026753,0.02382,0.02542,0.020532,0.020087,0.021243,0.020532,0.016532,0.013332,0.012266,0.015376,0.013599,unsucc
0.057885,0.046809,0.040612,0.031118,0.030459,0.025053,0.026108,0.023998,0.021756,0.020438,0.02202,0.020042,0.022943,0.021493,0.017669,0.015164,0.015955,0.0149,succ
0.041109,0.055532,0.045513,0.034545,0.030918,0.030573,0.024441,0.021073,0.014854,0.016582,0.024786,0.021332,0.020641,0.017877,0.018827,0.013041,0.016409,0.013991,unsucc
0.066555,0.053748,0.057947,0.027714,0.024984,0.029813,0.025614,0.024774,0.025824,0.015326,0.021835,0.019316,0.019106,0.013437,0.014067,0.005249,0.014067,0.013857,unsucc
0.062663,0.055074,0.047918,0.037728,0.035343,0.030356,0.03209,0.030789,0.025585,0.019948,0.018647,0.019297,0.020815,0.013877,0.014527,0.012142,0.013877,0.017129,unsucc
0.048703,0.000187,0.000187,0.025378,0.035454,0.000187,0.023885,0.026684,0.021273,0.021459,0.000187,0.000187,0.000187,0.015115,0.016421,0.006718,0.009517,0.000187,succ
0.048303,0.050138,0.044176,0.030572,0.02889,0.035005,0.022929,0.018343,0.017884,0.020789,0.01605,0.019413,0.023999,0.014216,0.014216,0.0107,0.015133,0.013604,succ
0.060032,0.051642,0.046,0.031101,0.029076,0.033271,0.026183,0.022855,0.019818,0.019818,0.025893,0.023289,0.020107,0.019094,0.014755,0.017937,0.012006,0.017793,succ
0.055101,0.044304,0.035276,0.047468,0.037975,0.026061,0.02997,0.043931,0.03239,0.023083,0.02178,0.026992,0.020104,0.022338,0.02271,0.014892,0.010611,0.015264,unsucc
0.038018,0.056452,0.045795,0.030818,0.022753,0.052131,0.023041,0.010945,0.009217,0.019873,0.021025,0.023618,0.015553,0.015553,0.014113,0.012673,0.013249,0.009217,succ
0.070451,0.049398,0.052019,0.033915,0.033833,0.0222,0.032768,0.022037,0.020398,0.026624,0.025395,0.021299,0.019497,0.018268,0.016548,0.017449,0.012288,0.011223,unsucc
0.045586,0.045282,0.038596,0.035101,0.031454,0.028263,0.026896,0.034037,0.033278,0.020058,0.018994,0.014587,0.020666,0.014132,0.01869,0.011548,0.011396,0.018082,unsucc
0.05798,0.047438,0.048051,0.037019,0.000123,0.027458,0.027948,0.021696,0.01998,0.000123,0.022432,0.022187,0.000123,0.000123,0.000123,0.013851,0.01091,0.012748,succ
0.048253,0.048373,0.046559,0.030475,0.032047,0.027815,0.02455,0.024912,0.020196,0.020196,0.019108,0.015842,0.021768,0.014512,0.017052,0.013303,0.013545,0.018019,succ
0.053004,0.039881,0.035535,0.041074,0.040818,0.018662,0.03187,0.032723,0.027439,0.02761,0.020111,0.020281,0.021815,0.026161,0.027951,0.0219,0.009118,0.019599,unsucc
0.072707,0.052714,0.053458,0.027517,0.041909,0.02511,0.023251,0.029354,0.023798,0.030229,0.015049,0.014218,0.024192,0.016186,0.016274,0.006824,0.014568,0.014786,unsucc
0.056288,0.045424,0.044991,0.034796,0.030427,0.026963,0.031293,0.02716,0.023775,0.022122,0.019721,0.017005,0.018658,0.017438,0.016572,0.011651,0.011651,0.01543,unsucc
0.048589,0.042235,0.038871,0.03476,0.030275,0.027472,0.02579,0.01738,0.017941,0.018875,0.018314,0.021678,0.021865,0.022613,0.017006,0.010278,0.019809,0.011213,succ
0.05516,0.050563,0.05086,0.029063,0.026542,0.034549,0.025949,0.025801,0.02417,0.01898,0.020611,0.019721,0.020018,0.012752,0.013197,0.010824,0.01379,0.015866,succ
0.057065,0.042547,0.043697,0.030904,0.038379,0.020124,0.021848,0.027886,0.026879,0.022855,0.01768,0.015668,0.02113,0.01883,0.018111,0.009774,0.014949,0.01308,succ
0.056906,0.055321,0.050211,0.034179,0.038055,0.027132,0.026779,0.02766,0.023608,0.025546,0.015856,0.016385,0.020789,0.01568,0.020261,0.012156,0.010395,0.014975,unsucc
0.053636,0.062576,0.059394,0.030909,0.031515,0.036364,0.030606,0.02303,0.018182,0.026364,0.030606,0.023636,0.022121,0.018485,0.017273,0.015152,0.010909,0.014242,unsucc
0.048365,0.037693,0.036331,0.036785,0.033379,0.023842,0.026113,0.03406,0.0302,0.02089,0.017257,0.019301,0.023161,0.021344,0.013397,0.013397,0.012943,0.020436,unsucc
0.057207,0.041701,0.043463,0.049924,0.032069,0.023317,0.041231,0.032773,0.035358,0.023024,0.017738,0.01762,0.018325,0.018677,0.018912,0.018325,0.011394,0.015858,unsucc
0.059048,0.048644,0.04482,0.039129,0.027123,0.025434,0.034237,0.02161,0.020009,0.017163,0.018408,0.019209,0.016274,0.014851,0.014317,0.013873,0.011294,0.01165,unsucc
0.05243,0.040797,0.040319,0.036494,0.030279,0.018964,0.029482,0.025179,0.022948,0.016574,0.017849,0.018008,0.015299,0.018008,0.019761,0.015936,0.013705,0.015139,succ
0.047582,0.047494,0.048894,0.039097,0.025453,0.029301,0.036998,0.030001,0.022041,0.015744,0.029301,0.025628,0.013645,0.014432,0.014082,0.016444,0.01968,0.016444,unsucc
0.054048,0.057909,0.054906,0.025201,0.031421,0.036461,0.021769,0.029812,0.027453,0.023271,0.01555,0.015764,0.020214,0.012976,0.013619,0.007078,0.017909,0.018981,unsucc
0.043021,0.049909,0.041721,0.027294,0.025474,0.027294,0.020795,0.016636,0.016376,0.013907,0.022225,0.022095,0.023915,0.016376,0.014557,0.009748,0.017156,0.011827,succ
0.071832,0.068535,0.065238,0.047574,0.02049,0.046161,0.042864,0.017899,0.015073,0.013189,0.029439,0.026378,0.010127,0.010127,0.009656,0.017899,0.019548,0.010598,unsucc
0.066191,0.043061,0.042624,0.033532,0.03506,0.019639,0.027495,0.027786,0.025022,0.023422,0.01673,0.015857,0.015857,0.017894,0.015275,0.013675,0.013093,0.010038,unsucc
0.052517,0.04803,0.045319,0.035011,0.033234,0.026792,0.029946,0.024304,0.020038,0.020971,0.02186,0.017595,0.019416,0.019994,0.019505,0.014129,0.011685,0.013773,unsucc
0.043516,0.050305,0.040905,0.031506,0.029417,0.029939,0.023151,0.028198,0.024543,0.018973,0.020191,0.017232,0.019495,0.015492,0.021758,0.011836,0.012881,0.018451,succ
0.058063,0.044079,0.043016,0.036998,0.031333,0.020535,0.033634,0.028678,0.026376,0.018587,0.017702,0.020004,0.015401,0.015401,0.013985,0.014693,0.015755,0.013985,unsucc
0.046916,0.04428,0.037691,0.035187,0.027939,0.029389,0.031892,0.028202,0.023326,0.016869,0.027016,0.021086,0.021086,0.01476,0.017132,0.017791,0.013179,0.025303,succ
0.066282,0.042267,0.044669,0.032341,0.033942,0.022895,0.026097,0.029779,0.023535,0.020493,0.014729,0.016811,0.020333,0.019533,0.018572,0.013449,0.014089,0.012808,succ
0.052784,0.056754,0.054317,0.030226,0.026708,0.035821,0.032482,0.017143,0.012361,0.015158,0.026256,0.021474,0.017504,0.014346,0.014256,0.015249,0.018136,0.008933,unsucc
0.05036,0.044964,0.048561,0.03777,0.028777,0.03777,0.017986,0.02518,0.041367,0.017986,0.014388,0.019784,0.014388,0.017986,0.02518,0.007194,0.014388,0.030576,succ
0.063957,0.054344,0.04913,0.027958,0.031601,0.0289,0.022743,0.028334,0.023497,0.023623,0.017843,0.01533,0.019036,0.013131,0.015267,0.009298,0.014638,0.014387,unsucc
0.051782,0.053045,0.0508,0.023856,0.035083,0.039573,0.016419,0.02526,0.018804,0.024277,0.020067,0.020909,0.024137,0.012068,0.012068,0.007859,0.016138,0.013893,succ
0.050958,0.05637,0.052311,0.026306,0.027358,0.033221,0.026832,0.01864,0.014882,0.018339,0.026757,0.02375,0.021571,0.015257,0.012101,0.010222,0.015633,0.014205,unsucc
0.05646,0.055883,0.052073,0.029211,0.032329,0.036139,0.022053,0.020206,0.016511,0.020783,0.022053,0.02517,0.023207,0.013162,0.014663,0.008198,0.016857,0.011892,succ
0.050635,0.044328,0.045838,0.032158,0.03198,0.029848,0.026117,8.90E-05,8.90E-05,0.021498,0.02132,0.020165,0.022741,0.01679,0.016434,0.013414,0.012881,8.90E-05,unsucc
0.054261,0.065114,0.053248,0.024454,0.000145,0.034583,0.018087,0.02373,0.019823,0.000145,0.018377,0.021994,0.000145,0.000145,0.000145,0.009116,0.017219,0.015772,succ
0.054366,0.047539,0.045516,0.026635,0.037508,0.03085,0.019218,0.024612,0.021241,0.022252,0.014666,0.018375,0.022927,0.015172,0.013149,0.008092,0.017026,0.013318,unsucc
0.052255,0.051115,0.046138,0.031623,0.027268,0.028409,0.030586,0.028305,0.022602,0.01887,0.020632,0.019492,0.018559,0.012856,0.01887,0.008813,0.011716,0.016485,succ
0.043752,0.056278,0.053488,0.028851,0.025111,0.052538,0.023924,0.015197,0.014129,0.015197,0.031641,0.029564,0.02339,0.013298,0.015672,0.00843,0.010033,0.013476,unsucc
0.059652,0.042392,0.041011,0.035349,0.034107,0.019194,0.029274,0.031345,0.027202,0.02375,0.020989,0.019332,0.019608,0.021955,0.022784,0.012842,0.012013,0.015465,succ
0.061623,0.053468,0.051713,0.038604,0.034063,0.032824,0.028282,0.024257,0.023121,0.023328,0.020438,0.020025,0.018786,0.013315,0.019302,0.009806,0.011974,0.013728,succ
0.061249,0.05239,0.04903,0.025813,0.028257,0.020315,0.027646,0.030701,0.028257,0.021537,0.015274,0.016954,0.018482,0.016954,0.013747,0.010692,0.010997,0.016496,unsucc
0.046146,0.000165,0.000165,0.029606,0.034403,0.000165,0.019848,0.022494,0.017532,0.018855,0.000165,0.000165,0.000165,0.012901,0.013397,0.008932,0.012239,0.000165,succ
0.054791,0.046105,0.03822,0.037819,0.033142,0.02352,0.033008,6.70E-05,6.70E-05,0.022451,0.019377,0.022184,0.020179,0.018442,0.018843,0.011493,0.012829,6.70E-05,unsucc
0.053768,0.050446,0.050143,0.032926,0.026733,0.025827,0.027337,0.025525,0.025676,0.016161,0.018879,0.021447,0.020088,0.016614,0.013744,0.016161,0.012989,0.015103,unsucc
0.06078,0.05443,0.04687,0.029332,0.022679,0.032356,0.024796,0.02782,0.017992,0.023284,0.017539,0.016329,0.014515,0.012398,0.016027,0.008769,0.0127,0.016329,unsucc
0.059111,0.042475,0.040146,0.038483,0.037596,0.021404,0.032827,0.028945,0.025175,0.025729,0.019186,0.018521,0.021515,0.021515,0.020739,0.013752,0.01353,0.017744,succ
0.05543,0.055298,0.052911,0.029041,0.02997,0.028246,0.026256,0.022013,0.016974,0.023472,0.020687,0.020024,0.022013,0.013924,0.012333,0.00968,0.013659,0.012333,unsucc
0.055619,0.037836,0.03793,0.032728,0.03216,0.014567,0.029512,0.029701,0.022891,0.022134,0.014378,0.013432,0.017404,0.020431,0.015134,0.012297,0.010216,0.013432,unsucc
0.047561,0.054078,0.049828,0.02882,0.026189,0.041449,0.026837,0.022263,0.01947,0.01947,0.02457,0.023113,0.01777,0.016312,0.017365,0.011941,0.015179,0.01692,unsucc
0.05409,0.053756,0.047746,0.03172,0.028047,0.030384,0.026878,0.021703,0.022037,0.019366,0.019366,0.021035,0.020033,0.012855,0.016694,0.012855,0.000167,0.010518,succ
0.058118,0.047962,0.04641,0.033009,0.029482,0.027084,0.030047,0.029341,0.023699,0.020595,0.020172,0.021301,0.020031,0.01862,0.014812,0.015235,0.015799,0.01594,unsucc
0.054952,0.060331,0.056429,0.028794,0.033646,0.043455,0.017931,0.019829,0.015505,0.018458,0.016981,0.020251,0.025736,0.01002,0.011919,0.006012,0.014134,0.01445,unsucc
0.07024,0.050361,0.051981,0.036077,0.032249,0.028273,0.032985,0.026358,0.023561,0.026358,0.020027,0.017008,0.017523,0.01929,0.014873,0.012664,0.012958,0.012222,unsucc
0.000151,0.000151,0.000151,0.000151,0.000151,0.017692,0.000151,0.000151,0.000151,0.000151,0.016029,0.010283,0.025858,0.018297,0.017844,0.009073,0.000151,0.014971,succ
0.057645,0.053721,0.053857,0.028958,0.036942,0.032341,0.026522,0.027876,0.024493,0.02747,0.019756,0.021786,0.02341,0.018674,0.01502,0.012043,0.012991,0.015156,succ
0.053854,0.048631,0.045029,0.032241,0.026477,0.036383,0.024856,0.020893,0.021434,0.019272,0.021614,0.021434,0.013689,0.016751,0.013509,0.012608,0.014229,0.010627,succ
0.053082,0.049776,0.043878,0.04336,0.037397,0.026768,0.031045,0.02787,0.020999,0.023073,0.019703,0.018277,0.021064,0.016722,0.020999,0.018212,0.009009,0.016333,unsucc
0.054835,0.043965,0.043154,0.035042,0.033744,0.024984,0.028715,0.034555,0.030337,0.023686,0.018819,0.018981,0.018494,0.017683,0.018657,0.01233,0.016548,0.015899,succ
0.053528,0.055809,0.050895,0.030537,0.03159,0.032117,0.020885,0.021411,0.019305,0.020534,0.014567,0.018077,0.02264,0.013865,0.015269,0.011583,0.012461,0.014216,succ
0.060445,0.044692,0.042123,0.034589,0.034418,0.027911,0.032877,0.026541,0.022603,0.026027,0.023973,0.020205,0.019007,0.018151,0.017808,0.011644,0.011815,0.013185,succ
0.056739,0.046171,0.044383,0.027638,0.039668,0.026175,0.023086,0.022435,0.01642,0.024874,0.017396,0.016908,0.026012,0.017721,0.018696,0.009429,0.017558,0.012681,succ
0.045196,0.050151,0.052085,0.02284,0.026224,0.03142,0.023444,0.019577,0.015468,0.015347,0.026949,0.022961,0.024169,0.016435,0.013897,0.009909,0.016556,0.013414,succ
0.047451,0.056283,0.051546,0.033079,0.026817,0.037495,0.025933,0.023123,0.021277,0.017423,0.020313,0.018306,0.016218,0.012043,0.013569,0.00843,0.01389,0.015817,unsucc
0.049599,0.041575,0.037381,0.030635,0.031729,0.019876,0.024435,0.023158,0.019329,0.017688,0.015682,0.018782,0.021517,0.016958,0.015317,0.015864,0.015317,0.012217,succ
0.056604,0.060576,0.062893,0.000166,0.027143,0.038067,0.000166,0.016882,0.014896,0.020523,0.000166,0.000166,0.021847,0.000166,0.000166,0.000166,0.014565,0.010593,unsucc
0.059555,0.048075,0.04664,0.026549,0.037072,0.02045,0.021765,0.029538,0.02607,0.025233,0.010045,0.012557,0.018895,0.018656,0.014231,0.006577,0.016144,0.01447,succ
0.047485,0.053403,0.046499,0.031985,0.027899,0.031281,0.028181,0.029026,0.02184,0.019868,0.022122,0.019586,0.016345,0.01719,0.017049,0.011272,0.016063,0.01564,succ
0.0657,0.057832,0.058562,0.035632,0.029956,0.032485,0.033834,0.027033,0.026134,0.024954,0.023099,0.022031,0.022031,0.015512,0.015793,0.013488,0.011016,0.013826,unsucc
0.055202,0.059562,0.053458,0.023633,0.026249,0.038458,0.021802,0.019709,0.015436,0.020319,0.017529,0.017267,0.022674,0.013691,0.010901,0.010203,0.015697,0.014564,unsucc
0.058508,0.043007,0.041608,0.035315,0.028089,0.021678,0.035315,0.038228,0.032517,0.024009,0.020862,0.017133,0.015035,0.018065,0.015618,0.016783,0.0162,0.015152,succ
8.00E-05,8.00E-05,8.00E-05,8.00E-05,8.00E-05,0.03709,8.00E-05,8.00E-05,8.00E-05,8.00E-05,0.026322,0.02026,0.021536,0.014437,0.017149,0.012523,8.00E-05,0.014358,unsucc
0.061067,0.049012,0.045059,0.030929,0.038636,0.022628,0.026877,0.0333,0.02836,0.027174,0.016304,0.017589,0.024012,0.018281,0.018577,0.009486,0.012945,0.017787,succ
0.040425,0.05567,0.043679,0.029291,0.027578,0.053786,0.02381,0.013189,0.008393,0.01456,0.025009,0.02518,0.025351,0.016273,0.016273,0.013189,0.01456,0.012676,succ
0.065473,0.04796,0.047164,0.029851,0.035423,0.023085,0.027463,0.021692,0.016915,0.025672,0.0201,0.017711,0.021493,0.0201,0.019104,0.014328,0.013134,0.014726,succ
0.05326,0.048399,0.043961,0.032125,0.028638,0.025468,0.029166,0.03054,0.027475,0.020818,0.019444,0.018493,0.016908,0.017542,0.017436,0.011836,0.000106,0.017331,succ
0.054822,0.0486,0.049136,0.0324,0.030576,0.025105,0.025748,0.036369,0.037871,0.018668,0.019848,0.021671,0.019633,0.01856,0.013089,0.013411,0.01502,0.016415,unsucc
0.048983,0.049691,0.0458,0.032714,0.035544,0.0313,0.023342,0.028117,0.021574,0.018391,0.02122,0.024934,0.02794,0.017153,0.018037,0.014677,0.016976,0.018214,succ
0.065975,0.055026,0.053988,0.036055,9.40E-05,0.031052,0.033695,0.024257,0.019726,9.40E-05,0.021614,0.021897,9.40E-05,9.40E-05,9.40E-05,0.011326,0.012553,0.013025,unsucc
0.049988,0.044447,0.042723,0.032135,0.027949,0.022901,0.029549,0.031273,0.028564,0.019453,0.02524,0.021177,0.018345,0.022531,0.016868,0.018099,0.016498,0.015021,unsucc
0.056949,0.046787,0.041601,0.037366,0.03165,0.024135,0.024981,0.023923,0.022441,0.021488,0.019371,0.01609,0.01609,0.01482,0.018101,0.012808,0.01556,0.012914,unsucc
0.045443,0.054086,0.052645,0.034966,0.025537,0.037585,0.03012,0.023311,0.023834,0.018334,0.025668,0.023834,0.019251,0.016763,0.015846,0.01637,0.01231,0.018203,succ
0.049614,0.056178,0.04556,0.030116,0.035135,0.030309,0.022008,9.70E-05,9.70E-05,0.020656,0.024517,0.020077,0.023166,0.010618,0.012162,0.011583,0.015637,9.70E-05,unsucc
0.05405,0.046942,0.039431,0.031384,0.039163,0.027629,0.021057,0.028031,0.023739,0.028702,0.017704,0.014351,0.021191,0.017436,0.020789,0.009523,0.011266,0.014351,succ
0.065164,0.058226,0.055996,0.037661,0.031219,0.031715,0.033944,0.017839,0.018831,0.024777,0.025025,0.023786,0.018583,0.020069,0.017839,0.010406,0.016601,0.011397,unsucc
0.056651,0.05088,0.051169,0.036357,0.028277,0.031451,0.032894,0.032125,0.029047,0.020294,0.025392,0.02443,0.019332,0.019332,0.016062,0.018755,0.012985,0.021545,unsucc
0.059491,0.035855,0.035454,0.037324,0.036122,0.014289,0.032116,0.035655,0.030847,0.025372,0.016091,0.017493,0.016091,0.019897,0.018295,0.019163,0.010883,0.016292,unsucc
0.050635,0.047248,0.043692,0.033192,0.03641,0.02066,0.025572,0.022862,0.022693,0.020491,0.017782,0.01829,0.017104,0.019644,0.016427,0.01304,0.017612,0.011177,succ
0.050917,0.045377,0.040364,0.032318,0.036671,0.029416,0.021105,0.027305,0.021237,0.022952,0.018269,0.017544,0.018863,0.014246,0.014906,0.015763,0.013719,0.01728,unsucc
0.053137,0.04486,0.047012,0.037245,0.000166,0.018706,0.033438,0.026817,0.02632,0.000166,0.016388,0.013408,0.000166,0.000166,0.000166,0.01705,0.009767,0.014733,succ
0.058552,0.043306,0.043049,0.038053,0.034978,0.021397,0.028059,0.027803,0.028059,0.024215,0.01499,0.015375,0.018962,0.020243,0.020628,0.014478,0.010634,0.0164,unsucc
0.05972,0.042207,0.044221,0.037828,0.035727,0.018389,0.02697,0.030648,0.029247,0.021191,0.018214,0.020053,0.020665,0.02049,0.022417,0.014361,0.009282,0.016637,unsucc
0.063139,0.045474,0.0453,0.030783,8.70E-05,0.02746,0.028946,0.036642,0.036117,8.70E-05,0.017228,0.015391,8.70E-05,8.70E-05,8.70E-05,0.010669,0.01303,0.017315,unsucc
0.058845,4.70E-05,4.70E-05,0.035997,0.035531,4.70E-05,0.025739,0.027324,0.023687,0.026112,4.70E-05,4.70E-05,4.70E-05,0.016134,0.018092,0.012497,0.007927,4.70E-05,unsucc
0.052553,0.046727,0.043756,0.03793,0.027419,0.033474,0.03336,0.020336,0.019993,0.021136,0.025477,0.02879,0.017365,0.018851,0.017937,0.017822,0.013253,0.011653,unsucc
0.043916,0.047492,0.043583,0.037345,0.027032,0.03302,0.030109,0.021376,0.018132,0.017383,0.025285,0.026366,0.018215,0.016884,0.0173,0.016468,0.012892,0.012559,unsucc
0.058954,0.056252,0.052813,0.034512,0.031196,0.027389,0.030705,0.024564,0.020757,0.022599,0.025731,0.027389,0.019528,0.020142,0.015844,0.017747,0.012405,0.017686,unsucc
0.054476,0.050497,0.044759,0.030604,0.031064,0.028386,0.029227,0.029533,0.024943,0.021729,0.023259,0.01974,0.017598,0.018363,0.015608,0.016067,0.013925,0.015914,unsucc
0.053717,0.048767,0.049684,0.036575,0.032084,0.029884,0.027592,0.029334,0.026217,0.017875,0.021359,0.018517,0.018425,0.014667,0.018883,0.010083,0.010908,0.017142,unsucc
0.06751,0.06658,0.055049,0.022875,0.022875,0.033662,0.0199,0.022317,0.021945,0.018598,0.01339,0.014506,0.01711,0.009671,0.005765,0.005207,0.019528,0.013762,succ
0.058381,0.052139,0.045346,0.038737,0.024601,0.031577,0.03121,0.015972,0.012668,0.020195,0.02662,0.027905,0.016339,0.018359,0.014136,0.019277,0.014687,0.009179,unsucc
0.05492,0.049839,0.052868,0.033617,0.039969,0.027753,0.022867,0.022574,0.020424,0.024626,0.01847,0.019154,0.023258,0.017102,0.016613,0.011629,0.020717,0.011824,unsucc
0.044604,0.058216,0.049708,0.025036,0.028318,0.045698,0.021633,0.018838,0.013977,0.017015,0.019567,0.021755,0.024793,0.013734,0.017258,0.008629,0.016894,0.014463,succ
0.050724,0.049185,0.043308,0.032603,0.033023,0.028336,0.023788,0.025747,0.024278,0.021619,0.01875,0.01868,0.01945,0.013503,0.018051,0.008816,0.011824,0.016232,unsucc
0.040552,0.047455,0.04501,0.036238,0.028329,0.026172,0.033218,0.020851,0.014668,0.016393,0.022146,0.02157,0.021139,0.01625,0.016681,0.017688,0.012655,0.012223,succ
0.064038,0.045442,0.043764,0.03104,0.038591,0.02363,0.025168,0.024329,0.022232,0.029782,0.01594,0.017058,0.02307,0.017058,0.018456,0.008389,0.011186,0.013702,succ
0.050297,0.060573,0.050027,0.031909,0.034613,0.028935,0.01974,0.017847,0.014602,0.022445,0.018118,0.020822,0.023797,0.014873,0.015684,0.008383,0.01974,0.015684,succ
0.060482,0.060951,0.058485,0.02431,0.034292,0.038755,0.020435,0.023371,0.022314,0.022666,0.016794,0.018555,0.022314,0.011861,0.01374,0.006107,0.015619,0.014093,unsucc
0.065213,0.057467,0.054044,0.027563,0.034048,0.034588,0.023419,0.017474,0.01225,0.02486,0.026842,0.025221,0.021798,0.018015,0.016754,0.013691,0.015493,0.011349,succ
0.062328,0.038144,0.043432,0.031658,0.032222,0.017415,0.030812,0.048297,0.041247,0.024889,0.016287,0.013044,0.016781,0.020024,0.01812,0.01389,0.008813,0.022774,unsucc
0.056826,0.040994,0.037017,0.036788,0.036558,0.020115,0.028604,0.030746,0.026616,0.022868,0.01392,0.014685,0.017361,0.014914,0.01522,0.011855,0.013231,0.016291,unsucc
0.058574,0.048885,0.048739,0.031737,0.034113,0.027093,0.022925,0.018574,0.016453,0.025484,0.018355,0.020731,0.018903,0.013272,0.014442,0.007349,0.011481,0.011517,unsucc
