r,v,nh,n,u,nt,p,e,nd,m,d,i,wp,a,句子数,停顿数,句子破碎Success,
1.892481203,4.186466165,0.096992481,3.422556391,2.437593985,0.146616541,4.164661654,0.029323308,0.282706767,0.687218045,1.984962406,0.123308271,3.679699248,0.872180451,1330,3725,2.80075188,succ
2.268229167,6.768229167,0.700520833,8.403645833,3.21875,0.299479167,6.723958333,0.020833333,0.729166667,1.46875,3.119791667,0.166666667,5.440104167,1.291666667,384,1511,3.934895833,succ
1.265625,4.846875,0.7296875,4.759375,2.63125,0.2015625,4.3671875,0.01875,0.4453125,0.9765625,2.3828125,0.2078125,3.7265625,0.825,1280,3994,3.1203125,unsucc
1.70361727,3.809801634,0.458576429,3.780630105,1.83663944,0.098016336,3.589264877,0.014002334,0.353558926,0.807467911,2.089848308,0.107351225,3.023337223,0.7957993,1714,4232,2.46907818,unsucc
1.383937316,3.97453477,0.433888345,3.882468168,1.834476004,0.133202742,4.439764936,0.008814887,0.261508325,0.825661117,2.045053869,0.237022527,3.880509305,0.843290891,2042,6114,2.994123408,unsucc
1.376770538,5.505665722,0.637393768,5.28611898,2.347025496,0.182719547,4.52407932,0.008498584,0.449008499,0.933427762,3.052407932,0.314447592,3.788951841,1.073654391,706,2314,3.277620397,succ
1.269814503,4.777403035,0.738617201,4.731871838,1.956155143,0.136593592,4.020236088,0.015177066,0.313659359,0.860033727,1.907251265,0.15682968,3.428330523,1.001686341,1186,3198,2.696458685,unsucc
1.603936039,5.404674047,0.84501845,5.453874539,3.029520295,0.159901599,5.068880689,0.014760148,0.579335793,0.899138991,2.558425584,0.204182042,4.236162362,0.934809348,813,2694,3.313653137,succ
1.95915493,5.812676056,0.650704225,5.523943662,2.214084507,0.2,5.683098592,0.026760563,0.378873239,1.069014085,3.030985915,0.373239437,5.004225352,1.271830986,710,2889,4.069014085,succ
1.304347826,5.431304348,1.073043478,5.824347826,3.469565217,0.135652174,5.222608696,0.034782609,0.528695652,1.31826087,2.808695652,0.196521739,4.516521739,1.045217391,575,2083,3.622608696,succ
1.460122699,5.100204499,0.190184049,5.059304703,2.427402863,0.147239264,4.496932515,0.022494888,0.464212679,0.932515337,2.619631902,0.255623722,3.903885481,1.063394683,489,1623,3.319018405,succ
1.795986622,5.593645485,0.648829431,5.934782609,2.779264214,0.162207358,5.359531773,0,0.528428094,1.190635452,2.831103679,0.193979933,4.622073579,1.086956522,598,2212,3.698996656,succ
1.098669623,4.190687361,0.44789357,4.095343681,2.05654102,0.17405765,3.49113082,0.026607539,0.445676275,0.67405765,2.243902439,0.161862528,2.920177384,0.831485588,902,2058,2.281596452,succ
1.390011891,4.520808561,0.266349584,4.234244946,2.149821641,0.120095125,4.262782402,0.01783591,0.424494649,0.807372176,2.439952438,0.218787158,3.673008323,0.940546968,1682,4642,2.75980975,unsucc
1.98940678,5.921610169,0.677966102,6.146186441,2.830508475,0.184322034,5.230932203,0.025423729,0.506355932,1.118644068,3.131355932,0.199152542,4.360169492,1.019067797,472,1570,3.326271186,succ
1.420833333,4.423958333,0.388541667,3.945833333,1.880208333,0.095833333,4.442708333,0.033333333,0.283333333,0.814583333,1.969791667,0.15,4.010416667,0.792708333,1920,5966,3.107291667,unsucc
1.248054475,4.077821012,0.31614786,4.291828794,2.060311284,0.120622568,3.859922179,0.010700389,0.35311284,0.641050584,1.868677043,0.129377432,3.335603113,0.861867704,1028,2733,2.658560311,succ
1.36,5.67047619,0.192380952,5.657142857,2.927619048,0.127619048,4.443809524,0.026666667,0.580952381,0.775238095,2.801904762,0.152380952,3.51047619,1.281904762,525,1382,2.632380952,succ
1.612149533,6.827102804,0.327102804,6.714953271,2.193925234,0.231308411,5.38317757,0.004672897,0.602803738,1.726635514,3.315420561,0.264018692,4.446261682,1.406542056,428,1785,4.170560748,succ
1.259286235,3.20975965,0.370721049,3.105608157,1.983976693,0.139839767,3.588492353,0.069191551,0.28186453,0.357611071,1.643845594,0.141296431,3.111434814,0.628550619,2746,5796,2.110706482,unsucc
1.588839941,5.041116006,0.392070485,4.572687225,2.447870778,0.12041116,5.34948605,0.049926579,0.399412628,1.002936858,2.649045521,0.189427313,4.847283407,1.10866373,681,2920,4.287812041,succ
1.707373272,5.532258065,0.267281106,4.488479263,2.041474654,0.124423963,4.698156682,0.050691244,0.417050691,0.815668203,2.582949309,0.177419355,4.131336406,0.894009217,868,2666,3.071428571,unsucc
1.789883268,5.705577173,0.225680934,5.556420233,2.836575875,0.17769131,4.858625162,0.014267185,0.654993515,0.997405966,3.521400778,0.217898833,3.773022049,1.137483787,771,2524,3.273670558,succ
1.299424184,3.8243762,0.802303263,4.262955854,1.994241843,0.237044146,3.923224568,0.026871401,0.296545106,0.80806142,2.104606526,0.233205374,3.36756238,0.74184261,1042,3051,2.928023033,succ
2.122905028,7.817504655,0.830540037,8.82122905,3.463687151,0.286778399,8.150837989,0.03538175,0.648044693,1.865921788,3.597765363,0.314711359,7.022346369,1.446927374,537,2900,5.400372439,succ
1.182247403,3.69782814,0.042492918,3.000944287,1.43720491,0.113314448,2.711992446,0.01605288,0.284230406,0.770538244,1.770538244,0.078375826,2.360717658,0.661000944,1059,1894,1.788479698,succ
1.098982424,4.111008326,0.480111008,3.854764107,1.858464385,0.096207216,4.07493062,0.034227567,0.337650324,0.736355227,2.08973173,0.138760407,3.511563367,0.866790009,1081,3029,2.802035153,succ
1.115907274,3.792965627,0.698641087,3.558752998,1.828936851,0.132693845,4.112709832,0.018385292,0.35891287,0.482014388,1.807354117,0.129496403,3.534772182,0.634692246,1251,3431,2.742605915,succ
1.625201939,5.878836834,0.798061389,5.71082391,2.515347334,0.2180937,5.282714055,0.035541195,0.378029079,0.736672052,2.589660743,0.242326333,4.684975767,1.001615509,619,2295,3.707592892,succ
1.190009794,3.804113614,0.362389814,3.422135162,1.272282076,0.146914789,3.782566112,0.014691479,0.369245837,0.681684623,1.994123408,0.161606268,3.282076396,0.529872674,1021,2785,2.727717924,succ
1.473314607,4.058988764,0.21488764,3.473314607,1.771067416,0.241573034,4.247191011,0.009831461,0.293539326,0.554775281,1.886235955,0.096910112,3.759831461,0.804775281,712,2039,2.863764045,succ
1.033264033,4.260914761,0.238045738,4.656964657,1.849272349,0.123700624,4.643451143,0.016632017,0.387733888,1.085239085,1.923076923,0.154885655,4.083160083,0.742203742,1924,5584,2.902286902,unsucc
2.30134357,6.439539347,0.333973129,5.401151631,3.368522073,0.305182342,5.408829175,0.021113244,0.614203455,1.289827255,3.610364683,0.209213052,4.570057582,1.274472169,521,2160,4.145873321,succ
1.755037116,5.510074231,0.269353128,4.981972428,2.697773065,0.139978791,4.16542948,0.025450689,0.471898197,0.680805938,2.451749735,0.264050901,3.363732768,1.033934252,1886,5230,2.773064687,unsucc
0.915171289,2.924959217,0.535073409,2.363784666,1.114192496,0.151712887,2.215334421,0.013050571,0.140293638,0.425774878,1.125611746,0.055464927,1.973898858,0.406199021,1226,2082,1.698205546,unsucc
1.386252046,5.309328969,0.217675941,4.466448445,2.140752864,0.14893617,5.391162029,0.04091653,0.366612111,0.684124386,2.68903437,0.299509002,4.896890344,0.981996727,611,2500,4.091653028,succ
1.979562044,6.381021898,0.389781022,5.080291971,2.589781022,0.153284672,5.23649635,0.032116788,0.475912409,0.976642336,3.175182482,0.183941606,4.448175182,1.160583942,1370,5066,3.697810219,unsucc
1.823798627,7.04576659,0.546910755,6.228832952,2.229977117,0.212814645,5.943935927,0.010297483,0.447368421,1.184210526,3.223112128,0.28604119,5.138443936,1.250572082,874,3847,4.401601831,succ
2.671122995,8.810160428,0.07486631,7.871657754,4.168449198,0.355614973,7.304812834,0.053475936,0.729946524,1.572192513,4.245989305,0.393048128,6.042780749,1.786096257,374,1761,4.70855615,succ
1.544018059,4.079006772,0.72234763,3.688487585,1.988713318,0.088036117,4.37020316,0.079006772,0.309255079,0.532731377,1.83972912,0.119638826,3.891647856,0.85778781,886,2548,2.875846501,unsucc
1.417743325,3.484926787,0.484065461,3.291989664,1.430663221,0.106804479,4.242894057,0.037898363,0.254091301,0.347975883,1.401378122,0.198966408,3.783807063,0.440999139,1161,3110,2.678725237,succ
1.782305006,4.963911525,0.54016298,3.925494761,2.343422584,0.111757858,4.249126892,0.033760186,0.311990687,0.628637951,2.694994179,0.183934808,3.74854482,0.852153667,1718,4968,2.891734575,unsucc
1.58111824,3.760769936,0.410632447,3.104491292,1.668194317,0.102658112,3.196150321,0.028414299,0.285976169,0.400549954,1.925756187,0.112740605,2.67644363,0.698441797,2182,4644,2.12832264,unsucc
0.955555556,3.780952381,0.341269841,3.615873016,2.088888889,0.142857143,3.83015873,0.015873016,0.312698413,0.671428571,1.634920635,0.146031746,3.355555556,0.820634921,1260,3438,2.728571429,unsucc
1.61784897,5.060640732,0.081235698,3.923340961,2.374141876,0.118993135,4.132723112,0.011441648,0.343249428,0.90617849,2.250572082,0.155606407,3.622425629,1.004576659,1748,4882,2.792906178,unsucc
2.070110701,5.800738007,0.837638376,4.918819188,3.437269373,0.282287823,5.535055351,0.075645756,0.415129151,0.712177122,2.219557196,0.15498155,4.662361624,0.900369004,1084,3498,3.226937269,unsucc
1.613297151,5.145183175,0.115332429,4.803256445,2.641791045,0.157394844,5.104477612,0.016282225,0.473541384,1.05834464,2.514246947,0.196743555,4.253731343,1.122116689,737,2384,3.234735414,succ
1.778331258,9.501867995,0.163138232,11.91407223,2.747198007,0.141967621,15.86052304,0.02117061,0.815691158,1.97633873,3.183063512,0.264009963,14.5890411,1.674968867,803,5744,7.153175592,succ
1.443670151,4.408826945,0.399535424,4.056910569,2.333333333,0.101045296,4.735191638,0.040650407,0.355400697,0.707317073,2.262485482,0.154471545,4.222996516,0.903600465,861,2661,3.090592334,succ
1.627705628,6.902597403,0.313852814,6.835497835,3.147186147,0.246753247,6.041125541,0.012987013,0.716450216,0.937229437,3.056277056,0.33982684,5.188311688,1.285714286,924,4260,4.61038961,unsucc
1.076074972,3.364939361,0.52370452,3.276736494,1.50275634,0.148842337,3.685777288,0.017640573,0.22491731,0.56890849,1.381477398,0.090407938,3.309812569,0.466372657,1814,4076,2.246968026,unsucc
1.266129032,4.698387097,0.314516129,4.367741935,2.287096774,0.125806452,4.241935484,0.017741935,0.625806452,0.759677419,2.388709677,0.164516129,3.575806452,0.851612903,620,1805,2.911290323,succ
1.104664391,5.118316268,0.682593857,5.60523322,1.995449374,0.188850967,4.918088737,0.01592719,0.448236633,1.032992036,2.129692833,0.225255973,4.229806598,0.962457338,1758,5884,3.34698521,unsucc
0.640449438,3.820224719,0.123595506,3.865168539,1.370786517,0.168539326,4.595505618,0.08988764,0.235955056,0.842696629,1.471910112,0.303370787,4.235955056,0.831460674,89,298,3.348314607,succ
1.989489489,6.597597598,0.66966967,7.498498498,3.441441441,0.25975976,6.018018018,0.021021021,0.693693694,1.147147147,2.944444444,0.271771772,4.932432432,1.354354354,666,2670,4.009009009,succ
1.527929901,4.43263965,0.385542169,3.973713034,1.937568456,0.082146769,3.756845564,0.016429354,0.34611172,0.777656079,2.192771084,0.139101862,3.267250821,0.704271632,1826,4566,2.500547645,unsucc
1.463157895,3.597368421,0.235526316,3.818421053,1.792105263,0.148684211,4.951315789,0.023684211,0.309210526,0.527631579,1.542105263,0.192105263,4.477631579,0.721052632,1520,4322,2.843421053,unsucc
1.284418796,3.854080791,0.391591096,3.018961253,1.748557296,0.131904369,3.432811212,0.02143446,0.231657049,0.743610882,1.627370157,0.13932399,2.993404782,0.664468261,2426,6040,2.489694971,unsucc
1.216216216,5.189189189,0.12027027,4.572972973,2.535135135,0.267567568,4.333783784,0.005405405,0.391891892,0.82972973,2.644594595,0.248648649,3.643243243,0.77972973,1480,4398,2.971621622,unsucc
1.09127789,2.870182556,0.471602434,2.509127789,1.372210953,0.157200811,2.836713996,0.038539554,0.24137931,0.430020284,1.536511156,0.0831643,2.413793103,0.503042596,1972,3190,1.617647059,unsucc
1.775609756,6.416260163,0.508943089,6.165853659,3.120325203,0.2,5.46504065,0.02601626,0.557723577,0.993495935,3.230894309,0.230894309,4.544715447,1.125203252,615,2130,3.463414634,succ
1.85625,5.815625,0.190625,4.9109375,2.4703125,0.15625,4.9328125,0.0140625,0.4234375,1.0546875,2.9296875,0.1765625,4.275,1.1640625,640,2187,3.4171875,succ
2.27027027,6.933471933,0.27027027,6.299376299,3.677754678,0.222453222,5.781704782,0.027027027,0.627858628,1.03950104,3.274428274,0.303534304,4.854469854,1.212058212,481,2032,4.224532225,succ
1.55106383,4.212765957,0.285106383,3.406382979,1.861702128,0.206382979,4.119148936,0.065957447,0.361702128,0.472340426,1.768085106,0.131914894,3.59787234,0.70212766,940,2378,2.529787234,unsucc
0.984583762,4.181911614,0.345323741,3.907502569,2.161356629,0.118191161,3.81397739,0.025693731,0.335046249,0.500513875,2.033915725,0.139773895,3.265159301,0.734840699,1946,4776,2.454265159,unsucc
1.095135135,4.702702703,0.264864865,4.052972973,1.553513514,0.158918919,3.975135135,0.002162162,0.300540541,0.818378378,2.140540541,0.11027027,3.525405405,0.92,1850,5522,2.984864865,unsucc
0.92139738,4.628820961,0.481804949,5.592430859,2.243085881,0.109170306,4.707423581,0.018922853,0.508005822,0.711790393,2.232896652,0.120815138,3.954876274,0.836972344,687,1921,2.796215429,succ
0.896149358,3.418903151,0.507584597,3.381563594,1.42823804,0.108518086,3.044340723,0.011668611,0.304550758,0.515752625,1.676779463,0.128354726,2.563593932,0.620770128,857,1871,2.1831972,succ
1.449748744,5.434673367,0.423366834,5.266331658,2.693467337,0.190954774,4.712311558,0.003768844,0.481155779,0.832914573,2.64321608,0.213567839,3.880653266,1.06281407,796,2682,3.369346734,succ
2.093690249,5.829827916,0.470363289,5.210325048,2.185468451,0.223709369,5.378585086,0.011472275,0.422562141,1.152963671,2.759082218,0.216061185,4.7208413,0.994263862,523,1951,3.73040153,succ
11.18918919,26.17567568,1.135135135,23.35135135,16.7972973,0.783783784,37.22972973,0.27027027,1.837837838,2.972972973,12.94594595,1.527027027,34.14864865,5.189189189,148,368,2.486486486,unsucc
1.434188034,5.692307692,0.370940171,6.458119658,2.439316239,0.276923077,5.758974359,0.005128205,0.574358974,1.153846154,3.254700855,0.312820513,4.991452991,1.499145299,1170,4916,4.201709402,unsucc
2.037109375,7.1484375,1.0703125,7.029296875,3.69140625,0.240234375,5.6796875,0.013671875,0.78125,0.94140625,3.267578125,0.203125,4.685546875,0.95703125,512,2121,4.142578125,succ
1.503508772,6.849122807,0.601754386,7.8,2.521052632,0.189473684,4.940350877,0.005263158,0.719298246,1.168421053,2.735087719,0.178947368,4.101754386,1.192982456,570,1921,3.370175439,succ
0.91237579,3.563685637,0.393857272,3.915085818,1.89701897,0.100271003,2.93134598,0.013550136,0.347786811,0.483288166,1.663053297,0.145438121,2.394760614,0.706413731,1107,2131,1.925022584,succ
1.364238411,4.274172185,0.198675497,3.594701987,1.535099338,0.131125828,4.357615894,0.017218543,0.202649007,0.625165563,1.699337748,0.233112583,3.867549669,0.977483444,1510,4578,3.031788079,unsucc
2.054545455,7.262626263,0.672727273,7.103030303,3.092929293,0.226262626,6.438383838,0.022222222,0.519191919,1.038383838,3.484848485,0.171717172,5.62020202,1.381818182,495,2356,4.75959596,succ
1.193647541,4.101434426,0.418032787,3.508196721,1.755122951,0.195696721,3.535860656,0.014344262,0.297131148,0.634221311,2.075819672,0.142418033,3.112704918,0.762295082,976,2374,2.432377049,succ
1.302439024,4.996747967,0.687804878,4.957723577,1.82601626,0.167479675,4.822764228,0.019512195,0.346341463,0.606504065,2.37398374,0.261788618,4.180487805,0.975609756,615,1943,3.159349593,succ
1.445322793,4.143610013,0.335968379,3.641633729,1.637681159,0.127799736,3.637681159,0.015810277,0.28458498,0.599472991,1.662714097,0.137022398,3.192358366,0.711462451,1518,3640,2.397891963,unsucc
0.624203822,2.837225761,0.656050955,2.939136589,1.135881104,0.134465676,3.120311394,0.002123142,0.174805379,0.503892427,1.106157113,0.076433121,2.839348903,0.465675867,2826,6158,2.179051663,unsucc
1.20498615,4.423822715,0.497229917,4.984764543,1.436288089,0.135734072,4.645429363,0.015235457,0.423822715,0.95567867,2.278393352,0.225761773,4.034626039,0.921052632,722,2321,3.21468144,succ
2.502222222,6.837777778,1.388888889,7.271111111,3.455555556,0.16,7.568888889,0.011111111,0.544444444,1.606666667,2.971111111,0.328888889,6.733333333,0.995555556,450,2506,5.568888889,succ
1.098859316,4.577946768,0.456273764,5.209125475,1.745247148,0.155893536,5.262357414,0.053231939,0.319391635,1.034220532,2.102661597,0.262357414,4.741444867,0.942965779,263,881,3.349809886,succ
1.83677686,5.762396694,0.756198347,6.26446281,2.69214876,0.16322314,6.074380165,0.047520661,0.493801653,1.347107438,2.652892562,0.258264463,5.324380165,0.969008264,484,1975,4.080578512,succ
1.403041825,4.340937896,0.603295311,4.261089987,2.223067174,0.188846641,4.410646388,0.01774398,0.346007605,0.733840304,2.533586819,0.214195184,3.896070976,0.865652725,789,2562,3.247148289,succ
1.325217391,5.829565217,0.368695652,6.046956522,2.546086957,0.16173913,4.596521739,0.015652174,0.606956522,1.107826087,2.657391304,0.28,3.793043478,1.07826087,575,1906,3.314782609,succ
2.25,4.923507463,0.554104478,4.313432836,2.757462687,0.184701493,4.567164179,0.013059701,0.44869403,0.594216418,2.494402985,0.137126866,3.88619403,0.822761194,2144,6336,2.955223881,unsucc
1.238461538,4.396923077,0.473846154,5.015384615,1.876923077,0.150769231,4.901538462,0.010769231,0.38,0.675384615,1.896923077,0.241538462,4.493846154,0.996923077,1300,4036,3.104615385,unsucc
3.049327354,11.24215247,0.744394619,13.21076233,4.66367713,0.210762332,10.75784753,0.00896861,1.367713004,3.170403587,5.210762332,0.098654709,8.573991031,2.044843049,223,1526,6.843049327,succ
1.125736739,5.447937132,0.512770138,5.666011788,2.42632613,0.170923379,4.526522593,0.00589391,0.495088409,0.984282908,2.335952849,0.227897839,3.864440079,1.084479371,509,1692,3.324165029,succ
1.205912334,4.534148828,0.590214067,4.625891947,2.484199796,0.199796126,4.621814475,0.043832824,0.393476045,1.029561672,2.500509684,0.163098879,4.084607543,0.887869521,981,3117,3.177370031,succ
1.059121622,4.386824324,0.83277027,4.726351351,1.623310811,0.125,4.119932432,0.016891892,0.336148649,0.827702703,1.760135135,0.197635135,3.677364865,0.712837838,1184,3364,2.841216216,unsucc
2.486187845,7.312154696,0.94198895,6.870165746,2.917127072,0.23480663,5.925414365,0.013812155,0.477900552,1.05801105,3.845303867,0.303867403,5.091160221,1.524861878,362,1557,4.301104972,succ
1.511664075,5.395023328,0.273716952,5.216174184,2.183514774,0.181959565,4.590979782,0.027993779,0.426127527,0.911353033,2.6718507,0.180404355,3.965785381,1.01399689,643,1941,3.018662519,succ
1.328618968,4.166389351,0.183860233,3.435108153,1.9359401,0.114808652,3.231281198,0.009151414,0.289517471,0.764559068,1.839434276,0.109816972,2.752911814,0.685524126,1202,2705,2.250415973,succ
1.439678284,5.927613941,0.450402145,7.150134048,2.898123324,0.273458445,5.069705094,0.018766756,0.761394102,1.278820375,2.957104558,0.243967828,4.048257373,1.061662198,373,1286,3.44772118,succ
1.046906188,3.612774451,0.305389222,4.126746507,1.338323353,0.129740519,4.296407186,0.013972056,0.289421158,0.869261477,1.493013972,0.160678643,3.865269461,0.794411178,1002,3041,3.03493014,succ
1.488653555,4.032526475,0.363842663,3.919818457,1.833585477,0.117246596,3.821482602,0.026475038,0.329046899,0.663388805,2.074130106,0.137670197,3.291981846,0.807110439,1322,3498,2.645990923,succ
1.871266735,7.081359423,0.053553038,6.7507724,3.605561277,0.293511843,6.303810505,0.05561277,0.567456231,1.436663234,3.231719876,0.250257467,5.361483007,1.624098867,971,3834,3.948506694,succ
1.551643192,5.115023474,0.537558685,4.552816901,2.33685446,0.111502347,4.077464789,0.048122066,0.307511737,0.920187793,2.235915493,0.181924883,3.424882629,0.845070423,1704,5070,2.975352113,unsucc
2.401869159,7.942757009,0.66588785,8.240654206,2.79088785,0.313084112,7.469626168,0.014018692,0.661214953,1.46728972,4.224299065,0.372663551,6.545560748,1.325934579,856,4194,4.89953271,succ
2.040241449,7.263581489,0.309859155,6.386317907,2.788732394,0.269617706,6.384305835,0.026156942,0.517102616,1.128772636,3.122736419,0.215291751,5.579476861,1.006036217,994,4644,4.672032193,unsucc
2.019851117,7.253101737,0.406947891,7.59057072,3.702233251,0.210918114,6.101736973,0.009925558,0.786600496,1.434243176,3.838709677,0.265508685,4.903225806,1.476426799,403,1636,4.05955335,succ
1.954372624,5.975285171,1.060836502,5.788973384,2.395437262,0.22243346,5.794676806,0.013307985,0.452471483,0.912547529,2.779467681,0.224334601,5.133079848,1.02661597,1052,4362,4.146387833,unsucc
1.544491525,5.63559322,0.520127119,5.024364407,2.627118644,0.141949153,4.944915254,0.015889831,0.582627119,0.716101695,2.641949153,0.157838983,4.162076271,0.842161017,1888,7290,3.861228814,unsucc
1.226386807,3.743628186,0.562218891,4.013493253,1.788605697,0.142428786,4.157421289,0.004497751,0.271364318,0.754122939,1.875562219,0.28185907,3.665667166,0.755622189,1334,3904,2.926536732,unsucc
1.524405507,3.888610763,0.633291615,3.249061327,1.39048811,0.147684606,3.816020025,0.021276596,0.17146433,0.474342929,1.818523154,0.128911139,3.394242804,0.670838548,1598,4408,2.75844806,unsucc
1.142253521,4.556338028,0.092957746,4.595774648,1.336619718,0.161971831,3.891549296,0.005633803,0.5,0.957746479,2.046478873,0.157746479,3.171830986,0.702816901,1420,3746,2.638028169,unsucc
1.590909091,4.22960373,0.142191142,3.853146853,1.881118881,0.118881119,4.371794872,0.012820513,0.334498834,0.622377622,1.948717949,0.127039627,3.793706294,1.06993007,1716,4886,2.847319347,unsucc
1.126644737,3.351973684,0.287828947,3.287828947,1.828947368,0.365131579,4.131578947,0.09375,0.268092105,0.340460526,1.370065789,0.100328947,3.838815789,0.644736842,1216,2962,2.435855263,unsucc
1.95398773,5.831288344,0.128834356,5.06595092,1.981595092,0.335889571,5.509202454,0.027607362,0.352760736,0.710122699,2.366564417,0.226993865,4.754601227,0.855828221,1304,4816,3.693251534,unsucc
1.364249578,5.52613828,0.271500843,5.170320405,2.465430017,0.271500843,5.281618887,0.015177066,0.463743676,0.892074199,2.726812816,0.177065767,4.467116358,1.037099494,1186,4332,3.652613828,unsucc
0.926605505,5.697247706,0.229357798,6.133027523,3.252293578,0.19266055,4.701834862,0,0.541284404,0.990825688,2.321100917,0.266055046,4.013761468,1.334862385,436,1260,2.889908257,unsucc
1.84952381,4.977142857,0.386666667,4.63047619,2.371428571,0.118095238,4.820952381,0.032380952,0.354285714,0.767619048,2.36952381,0.186666667,4.165714286,0.851428571,1050,3258,3.102857143,unsucc
1.656934307,5.375912409,0.359489051,5.290145985,2.883211679,0.27189781,4.520072993,0.009124088,0.611313869,0.877737226,2.967153285,0.198905109,3.71350365,0.954379562,1096,3600,3.284671533,unsucc
1.421333333,3.738666667,0.232,3.68,2.093333333,0.173333333,3.672,0.026666667,0.306666667,0.794666667,2.098666667,0.2,3.178666667,0.701333333,750,1808,2.410666667,unsucc
1.813084112,6.171962617,0.463551402,4.906542056,2.801869159,0.201869159,5.328971963,0.011214953,0.327102804,1.054205607,2.299065421,0.143925234,4.642990654,0.813084112,1070,4060,3.794392523,unsucc
1.666666667,5.578483245,0.23633157,5.645502646,2.417989418,0.137566138,5.243386243,0.021164021,0.601410935,1.029982363,2.335097002,0.167548501,4.51675485,0.952380952,1134,4038,3.560846561,unsucc
1.88184438,5.472622478,0.54610951,5.291066282,3.021613833,0.131123919,5.536023055,0.024495677,0.4870317,0.877521614,2.536023055,0.15129683,4.825648415,0.976945245,1388,5120,3.688760807,unsucc
1.259097525,4.599708879,0.358078603,3.809315866,2.208151383,0.097525473,4.298398836,0.023289665,0.311499272,0.92139738,2.098981077,0.165938865,3.611353712,0.815138282,1374,4184,3.045123726,unsucc
1.636645963,4.933229814,0.48447205,4.298136646,2.164596273,0.215838509,4.333850932,0.020186335,0.254658385,0.658385093,2.425465839,0.267080745,3.777950311,0.906832298,1288,4288,3.329192547,unsucc
1.61487965,3.829321663,0.401531729,3.359956236,1.501094092,0.115973742,4.539387309,0.027352298,0.205689278,0.47702407,1.84463895,0.165207877,4.166301969,0.695842451,1828,5280,2.888402626,unsucc
1.156808803,4.558459422,0.342503439,4.385144429,1.877579092,0.173314993,4.341127923,0.019257221,0.280605227,0.83218707,2.037138927,0.232462173,3.851444292,0.895460798,1454,4414,3.035763411,unsucc
1.233830846,6.535655058,0.44278607,6.273631841,2.693200663,0.160862355,5.457711443,0.011608624,0.444444444,2.026533997,2.805970149,0.145936982,4.83747927,1.388059701,1206,5214,4.323383085,unsucc
1.567783094,4.49122807,0.119617225,3.61722488,2.650717703,0.170653907,4.459330144,0.102073365,0.293460925,0.669856459,2.306220096,0.159489633,3.905901116,0.87400319,1254,3278,2.614035088,unsucc
3.313370474,9.030640669,0.807799443,8.590529248,4.69637883,0.5,7.175487465,0.027855153,1.01810585,1.608635097,5.10724234,0.268802228,5.508356546,1.317548747,1436,6832,4.757660167,unsucc
1.820402299,5.494252874,0.290229885,4.459770115,2.216954023,0.16091954,4.435344828,0.033045977,0.420977011,0.793103448,2.370689655,0.16091954,3.818965517,0.752873563,1392,3810,2.737068966,unsucc
2.142528736,6.862068966,0.926436782,6.418390805,2.951724138,0.271264368,5.266666667,0.032183908,0.524137931,1.174712644,3.096551724,0.186206897,4.517241379,0.942528736,870,3018,3.468965517,unsucc
1.369436202,4.636498516,0.283382789,4.21810089,1.838278932,0.096439169,4.473293769,0.028189911,0.402077151,0.919881306,1.836795252,0.261127596,3.789317507,0.820474777,1348,4270,3.167655786,unsucc
2.150205761,5.345679012,0.652263374,5.598765432,2.576131687,0.255144033,5.691358025,0.051440329,0.417695473,0.812757202,3.172839506,0.156378601,4.901234568,0.977366255,972,3696,3.802469136,unsucc
2.64691358,7.441975309,0.474074074,5.938271605,3.654320988,0.172839506,6.24691358,0.032098765,0.454320988,1.355555556,4.024691358,0.308641975,5.343209877,1.079012346,810,3084,3.807407407,unsucc
2.078787879,5.483333333,0.193939394,4.483333333,3.01969697,0.262121212,5.427272727,0.051515152,0.413636364,0.833333333,2.577272727,0.145454545,4.687878788,0.981818182,1320,4352,3.296969697,unsucc
1.530183727,5.858267717,0.160104987,6.099737533,2.391076115,0.25984252,5.559055118,0.107611549,0.467191601,1.073490814,2.349081365,0.141732283,4.887139108,0.93175853,762,2876,3.774278215,unsucc
2.43639576,7.185512367,0.80565371,5.895759717,3.091872792,0.185512367,6.339222615,0.017667845,0.457597173,0.90459364,3.56360424,0.240282686,5.659010601,1.234982332,566,2715,4.796819788,succ
1.623404255,4.260638298,0.353191489,3.744680851,1.945744681,0.194680851,4.485106383,0.010638298,0.211702128,0.759574468,2.213829787,0.143617021,3.740425532,0.837234043,940,2913,3.09893617,succ
0.803643725,3.305668016,0.380566802,3.478744939,1.403846154,0.084008097,3.013157895,0.016194332,0.281376518,0.741902834,1.566801619,0.139676113,2.645748988,0.550607287,988,2095,2.120445344,succ
1.596694215,6.242975207,0.401652893,5.709090909,3.325619835,0.284297521,4.804958678,0.06446281,0.601652893,1.097520661,3.323966942,0.317355372,3.869421488,1.085950413,605,2060,3.404958678,succ
1.304152637,3.79349046,0.095398429,3.683501684,1.268237935,0.1335578,4.164983165,0.013468013,0.315375982,0.480359147,1.778900112,0.237934905,3.657687991,0.502805836,1782,5040,2.828282828,unsucc
1.185990338,2.97826087,0.166666667,2.338164251,1.285024155,0.094202899,2.765700483,0.026570048,0.173913043,0.611111111,1.014492754,0.115942029,2.400966184,0.381642512,828,1392,1.68115942,unsucc
1.691588785,6.283489097,0.69470405,6.647975078,2.91588785,0.23364486,5.757009346,0.040498442,0.573208723,0.887850467,2.451713396,0.252336449,5.028037383,1.003115265,642,2314,3.604361371,unsucc
0.957446809,3.845744681,0.444148936,3.684840426,1.642287234,0.132978723,3.723404255,0.002659574,0.281914894,0.708776596,1.718085106,0.146276596,3.377659574,0.640957447,1504,3874,2.575797872,unsucc
1.39137931,5.59137931,0.484482759,5.725862069,2.296551724,0.293103448,5.467241379,0.065517241,0.529310345,0.979310345,2.715517241,0.129310345,4.831034483,1.213793103,580,2291,3.95,succ
1.736770692,4.860244233,0.325644505,4.869742198,2.516960651,0.184531886,4.45183175,0.039348711,0.492537313,0.962008141,2.466757123,0.170963365,3.774762551,0.991858887,737,2325,3.15468114,succ
1.597738288,5.032310178,0.513731826,4.040387722,2.1453958,0.190630048,3.938610662,0.016155089,0.28917609,0.59450727,2.495961228,0.180936995,3.432956381,0.69628433,619,1726,2.788368336,succ
1.865443425,6.235474006,0.524464832,5.255351682,2.302752294,0.21559633,5.241590214,0.010703364,0.51529052,0.915902141,3.74617737,0.293577982,4.518348624,0.987767584,654,2556,3.908256881,succ
1.685761047,5.602291326,0.484451718,6.10801964,3.083469722,0.104746318,5.471358429,0.031096563,0.620294599,1.104746318,2.680851064,0.325695581,4.572831424,1.288052373,611,1814,2.968903437,succ
1.687651332,5.755447942,0.152542373,5.394673123,2.062953995,0.266343826,6.450363196,0.133171913,0.399515738,0.690072639,2.469733656,0.256658596,5.828087167,0.924939467,826,3486,4.220338983,unsucc
0.976124885,3.007346189,0.257116621,2.69513315,1.26446281,0.124885216,3.205693297,0.062442608,0.204775023,0.4912764,1.338842975,0.147842057,2.895316804,0.459136823,2178,4440,2.038567493,unsucc
2.003976143,5.420808482,0.37972167,5.616302187,3.265076209,0.186216037,5.768058317,0.009940358,0.561298873,0.912524851,2.589131875,0.174950298,4.811133201,1.035785288,1509,5274,3.495029821,succ
1.263513514,4.743243243,0.415540541,4.682432432,1.871621622,0.25,4.138513514,0.023648649,0.277027027,0.902027027,2.452702703,0.108108108,3.692567568,1.040540541,296,841,2.841216216,succ
1.350458716,5.099082569,0.504587156,5.385321101,2.091743119,0.165137615,4.489908257,0.001834862,0.332110092,0.618348624,2.124770642,0.2,3.688073394,0.766972477,545,1668,3.060550459,succ
1.700325733,4.739413681,0.64495114,4.490228013,2.734527687,0.115635179,4.778501629,0.008143322,0.449511401,0.846905537,2.469055375,0.185667752,3.925081433,1.035830619,614,1957,3.187296417,succ
1.246575342,4.0304414,0.324200913,3.668188737,2.105022831,0.085235921,3.949771689,0.053272451,0.252663623,0.573820396,1.832572298,0.124809741,3.420091324,0.703196347,657,1782,2.712328767,succ
1.878959276,4.813348416,0.333710407,4.219457014,3.160633484,0.202488688,4.059954751,0.136877828,0.46719457,0.680995475,2.71040724,0.133484163,3.416289593,0.871040724,884,2404,2.719457014,succ
1.130434783,4.525362319,0.929347826,4.971014493,2.173913043,0.106884058,3.605072464,0.010869565,0.52173913,0.628623188,2.619565217,0.161231884,2.876811594,0.724637681,1104,2608,2.362318841,unsucc
1.212337953,3.863209656,0.154671435,3.346446133,1.790791238,0.119356281,3.117568172,0.046937863,0.262405007,0.556995977,1.83638802,0.195350916,2.717478766,0.771569066,4474,9224,2.061689763,unsucc
1.953748006,6.448165869,0.647527911,6.258373206,3.20414673,0.197767145,5.770334928,0.014354067,0.623604466,0.96969697,3.118022329,0.20414673,4.910685805,1.311004785,627,2447,3.902711324,succ
1.688311688,4.201298701,0.445454545,3.905194805,1.716883117,0.2,3.818181818,0.003896104,0.361038961,0.720779221,2.337662338,0.181818182,3.366233766,0.805194805,770,2204,2.862337662,succ
1.601208459,5.261329305,0.551359517,4.173716012,2.117824773,0.276435045,4.924471299,0.057401813,0.425981873,0.641993958,2.794561934,0.19939577,4.317220544,1.02265861,1324,4968,3.752265861,unsucc
1.327868852,4.075662043,0.709962169,3.664564943,2.416141236,0.14627995,3.819672131,0.027742749,0.278688525,0.587641866,2.088272383,0.209331652,3.327868852,0.905422446,793,1915,2.414880202,succ
2.422939068,6.822580645,0.948028674,7.976702509,4.084229391,0.177419355,5.815412186,0.050179211,0.731182796,0.765232975,3.039426523,0.238351254,4.672043011,1.494623656,558,2048,3.670250896,succ
2.759375,7.325,0.534375,5.78125,3.36875,0.3625,5.696875,0.059375,0.421875,1.128125,3.425,0.215625,4.76875,1.2,640,2422,3.784375,unsucc
2.36659436,8.292841649,0.845986985,9.023861171,2.796095445,0.312364425,6.937093275,0.015184382,1.212581345,1.442516269,4.655097614,0.314533623,5.906724512,1.379609544,461,2222,4.819956616,succ
2.145380435,5.69701087,0.081521739,5.130434783,3.230978261,0.190217391,5.029891304,0.036684783,0.585597826,1,2.783967391,0.126358696,4.154891304,1.213315217,1472,5058,3.436141304,unsucc
1.875656743,6.140105079,0.495621716,5.071803853,2.663747811,0.171628722,5.078809107,0.028021016,0.485113835,1.045534151,3.217162872,0.129597198,4.46234676,1.189141856,571,2258,3.954465849,succ
2.821637427,10.34795322,0.426900585,11.02631579,5.584795322,0.555555556,8.362573099,0.029239766,1.049707602,1.49122807,5.950292398,0.391812865,7.093567251,2.576023392,342,2082,6.087719298,succ
1.621621622,6.455855856,0.272072072,6.154954955,2.609009009,0.21981982,5.693693694,0.012612613,0.697297297,1.05045045,3.209009009,0.252252252,4.87027027,1.122522523,555,2145,3.864864865,succ
1.258196721,4.019467213,0.537909836,3.87807377,2.008196721,0.106557377,3.807377049,0.009221311,0.316598361,0.606557377,1.981557377,0.139344262,3.357581967,0.770491803,976,2563,2.62602459,succ
2.606060606,8.274891775,0.205627706,7.062770563,3.534632035,0.268398268,6.523809524,0.006493506,0.818181818,1.476190476,5.004329004,0.350649351,5.376623377,1.686147186,462,2044,4.424242424,succ
1.86637931,7.1875,0.142241379,6.896551724,3.771551724,0.200431034,4.94612069,0.00862069,0.672413793,1.254310345,4,0.230603448,4.021551724,1.247844828,464,1660,3.577586207,succ
2.610655738,5.195355191,0.352459016,4.267759563,2.176229508,0.161202186,4.530054645,0.015027322,0.359289617,0.806010929,2.598360656,0.215846995,3.855191257,0.886612022,732,2263,3.091530055,succ
2.311403509,7.311403509,0.440789474,8.125,5.192982456,0.304824561,5.427631579,0.050438596,0.936403509,1.247807018,4.5,0.331140351,4.201754386,1.690789474,456,1598,3.504385965,succ
1.618025751,4.597997139,0.618025751,4.815450644,2.148783977,0.154506438,5.270386266,0.0472103,0.356223176,0.620886981,2.124463519,0.164520744,4.433476395,0.792560801,1398,4866,3.480686695,unsucc
1.46656535,5.06231003,0.696048632,5.08662614,2.306990881,0.161094225,4.805471125,0.018237082,0.428571429,0.775075988,2.364741641,0.164133739,4.112462006,1.047112462,1316,4590,3.487841945,unsucc
1.100694444,4.884259259,0.905092593,5.28587963,2.234953704,0.228009259,4.386574074,0.072916667,0.5,0.748842593,2.46875,0.239583333,3.603009259,0.824074074,1728,5094,2.947916667,unsucc
2.045602606,6.390879479,0.820846906,6.314332248,3.231270358,0.213355049,5.925081433,0.091205212,0.464169381,1.25732899,3.285016287,0.198697068,5.045602606,1.436482085,1228,4858,3.956026059,unsucc
1.953947368,6.947368421,0.351973684,7.467105263,3.447368421,0.289473684,6.789473684,0.049342105,0.717105263,1.358552632,3.888157895,0.273026316,5.736842105,1.276315789,608,2412,3.967105263,unsucc
1.803076923,4.785641026,0.118974359,4.590769231,2.338461538,0.196923077,5.025641026,0.01025641,0.407179487,0.723076923,2.805128205,0.284102564,4.314871795,1.038974359,1950,7050,3.615384615,unsucc
1.43803056,4.884550085,0.434634975,4.808149406,2.314091681,0.123938879,4.516129032,0.020373514,0.53820034,0.869269949,2.278438031,0.162988115,3.716468591,0.930390492,1178,3810,3.234295416,unsucc
1.44015444,5.664092664,0.463320463,5.299227799,2.527027027,0.191119691,4.832046332,0.007722008,0.486486486,0.909266409,2.683397683,0.378378378,4.187258687,1.256756757,1036,3586,3.461389961,unsucc
1.522727273,4.915775401,0.406417112,3.917112299,2.006684492,0.144385027,4.064171123,0.016042781,0.336898396,0.622994652,2.266042781,0.132352941,3.578877005,0.975935829,1496,4118,2.752673797,unsucc
1.241192412,4.109756098,0.173441734,3.413279133,1.573170732,0.10298103,4.430894309,0.037940379,0.245257453,0.723577236,1.928184282,0.22899729,4.089430894,0.756097561,1476,4584,3.105691057,unsucc
1.949910555,5.161001789,1.048300537,5.157423971,2.513416816,0.166368515,4.792486583,0.019677996,0.52236136,0.747763864,2.574239714,0.132379249,3.97137746,0.86940966,1118,3438,3.075134168,unsucc
3.028061224,8.170918367,0.755102041,7.459183673,3.778061224,0.321428571,5.908163265,0.012755102,0.670918367,1.589285714,3.721938776,0.272959184,4.900510204,1.650510204,784,3224,4.112244898,unsucc
1.190533981,3.962378641,0.817961165,3.990291262,1.702669903,0.105582524,3.764563107,0.018203883,0.276699029,0.617718447,1.819174757,0.158980583,3.298543689,0.699029126,1648,4136,2.509708738,unsucc
1.410090556,4.093143596,0.494178525,3.48771022,1.895213454,0.139715395,4.069857697,0.037516171,0.287192755,0.575679172,1.886157827,0.160413972,3.513583441,0.604139715,1546,3898,2.521345408,unsucc
0.910658307,3.656739812,0.181818182,3.379310345,1.9169279,0.090909091,3.343260188,0.068965517,0.299373041,0.641065831,1.728840125,0.184952978,2.910658307,0.653605016,1276,2580,2.021943574,unsucc
2.183127572,8.226337449,0.648148148,7.944444444,3.952674897,0.20781893,6.944444444,0.037037037,0.534979424,1.940329218,4.010288066,0.255144033,6.004115226,1.767489712,972,4714,4.849794239,unsucc
3.456521739,9.239130435,0.683229814,8.322981366,4.434782609,0.48136646,7.677018634,0.00931677,0.888198758,1.888198758,4.99068323,0.273291925,6.158385093,1.649068323,322,1849,5.742236025,succ
1.287221571,4.841735053,0.590855803,4.579132474,2.201641266,0.185228605,4.618991794,0.012895662,0.337631887,0.698710434,2.355216882,0.214536928,3.926143025,0.926143025,853,2644,3.0996483,succ
1.892086331,6.822541966,0.642685851,5.930455635,2.436450839,0.148681055,5.556354916,0.026378897,0.575539568,0.983213429,2.923261391,0.201438849,4.776978417,1.028776978,834,3190,3.824940048,unsucc
1.710431655,6.017985612,0.431654676,5.039568345,2.742805755,0.172661871,4.669064748,0.019784173,0.419064748,0.949640288,2.852517986,0.18705036,4.044964029,1.253597122,1112,3670,3.300359712,unsucc
1.126849894,5.067653277,0.429175476,5.858350951,2.169133192,0.213530655,5.418604651,0.031712474,0.477801268,0.890063425,2.272727273,0.251585624,4.615221987,0.824524313,946,3436,3.632135307,unsucc
1.296210363,2.742459397,0.117556071,2.598607889,1.477184841,0.141531323,3.133023975,0.011600928,0.260634184,0.478731632,1.430781129,0.096674401,2.787316319,0.533642691,2586,4940,1.910286156,unsucc
1.366990291,5.401941748,0.631067961,5.67184466,3.227184466,0.141747573,4.485436893,0.005825243,0.510679612,1.066019417,2.66407767,0.149514563,3.695145631,1.12815534,515,1691,3.283495146,succ
1.716094033,6.220614828,0.558770344,5.535262206,2.846292948,0.162748644,4.82278481,0.001808318,0.602169982,0.931283906,3.345388788,0.148282098,3.960216998,1.144665461,553,1900,3.435804702,succ
1.251504212,4.274368231,0.376654633,4.815884477,2.185318893,0.101083032,4.099879663,0.033694344,0.38387485,0.70276775,1.920577617,0.125150421,3.527075812,0.987966306,831,2266,2.726835138,succ
2.659090909,7.263636364,0.411363636,6.322727273,3.136363636,0.263636364,6.081818182,0.004545455,0.575,1.359090909,3.695454545,0.195454545,5.088636364,1.481818182,440,1954,4.440909091,succ
1.263403263,4.724941725,0.293706294,4.214452214,2.038461538,0.203962704,4.36013986,0.037296037,0.365967366,1.062937063,2.286713287,0.182983683,3.882284382,0.956876457,858,2677,3.12004662,succ
1.595238095,5.918650794,0.567460317,6.053571429,1.892857143,0.244047619,5.900793651,0.007936508,0.505952381,0.890873016,2.837301587,0.275793651,4.924603175,0.779761905,504,2004,3.976190476,succ
1.791549296,5.785915493,0.808450704,5.881690141,1.714084507,0.197183099,5.787323944,0.004225352,0.409859155,0.949295775,2.73943662,0.322535211,5.007042254,1.071830986,710,3019,4.252112676,succ
1.615577889,4.858040201,0.930904523,4.698492462,2.520100503,0.140703518,5.278894472,0.043969849,0.374371859,0.644472362,2.291457286,0.228643216,4.414572864,0.98241206,796,2277,2.860552764,succ
1.487096774,4.680645161,0.480645161,5.453225806,2.743548387,0.141935484,4.177419355,0.006451613,0.456451613,0.848387097,2.314516129,0.124193548,3.516129032,1.001612903,620,1930,3.112903226,succ
1.183946488,4.434782609,0.682274247,5.613712375,2.508361204,0.130434783,4.269230769,0.013377926,0.443143813,1.026755853,2.421404682,0.227424749,3.662207358,1.115384615,598,1774,2.966555184,succ
1.821276596,5.726241135,0.409929078,5.432624113,2.112056738,0.195744681,5.862411348,0.012765957,0.409929078,0.90212766,2.609929078,0.282269504,5.139007092,1.19858156,1410,5796,4.110638298,unsucc
1.952868852,4.162909836,0.286885246,3.167008197,1.967213115,0.191598361,3.774590164,0.056352459,0.270491803,0.527663934,1.836065574,0.108606557,3.216188525,0.538934426,1952,4664,2.389344262,unsucc
1.504926108,4.131773399,0.422413793,3.85591133,1.90270936,0.155172414,3.746305419,0.017241379,0.337438424,0.603448276,1.924876847,0.197044335,3.14408867,0.865763547,1624,3950,2.43226601,unsucc
1.71954023,6.259770115,0.301149425,8.156321839,2.965517241,0.154022989,6.165517241,0.04137931,0.627586207,1.262068966,3.131034483,0.128735632,5.298850575,1.43908046,435,1907,4.383908046,succ
2.22007722,6.749034749,1.046332046,7.397683398,4.328185328,0.312741313,6.859073359,0.011583012,0.754826255,1.239382239,3.803088803,0.121621622,5.837837838,1.478764479,518,2625,5.067567568,succ
1.664012739,4.969745223,0.076433121,3.695859873,2.242038217,0.060509554,4.664012739,0.035031847,0.406050955,0.789808917,2.253184713,0.171974522,4.063694268,1.038216561,628,2030,3.232484076,succ
1.485380117,6.002923977,0.523391813,6.096491228,2.697368421,0.222222222,4.152046784,0.010233918,0.714912281,1.230994152,2.959064327,0.173976608,3.305555556,1.171052632,1368,3834,2.802631579,unsucc
1.10519802,3.827970297,0.362623762,3.290841584,1.814356436,0.092821782,3.524752475,0.040841584,0.273514851,0.716584158,1.74009901,0.126237624,3.157178218,0.503712871,1616,3876,2.398514851,unsucc
1.047502048,3.207207207,0.387387387,2.864864865,1.543816544,0.110565111,3.294021294,0.028665029,0.230958231,0.44963145,1.432432432,0.124488124,2.972972973,0.572481572,2442,5214,2.135135135,unsucc
1.829944547,5.075785582,0.225508318,4.615526802,2.6987061,0.340110906,4.319778189,0.066543438,0.521256932,0.870609982,2.726432532,0.212569316,3.532347505,0.741219963,1082,3072,2.839186691,unsucc
0.998924731,2.977419355,0.180645161,2.367741935,1.252688172,0.080645161,3.067741935,0.068817204,0.196774194,0.534408602,1.337634409,0.101075269,2.762365591,0.477419355,1860,3694,1.986021505,unsucc
1.151111111,4.372222222,0.473333333,3.914444444,1.404444444,0.083333333,4.201111111,0.012222222,0.441111111,0.746666667,1.904444444,0.114444444,3.586666667,0.555555556,1800,4938,2.743333333,unsucc
0.924102564,4.129230769,0.513846154,4.273846154,1.505641026,0.17025641,4.624615385,0.013333333,0.405128205,0.64,2.353846154,0.21025641,4.132307692,0.718974359,975,3055,3.133333333,succ
1.240384615,5.106971154,0.372596154,4.617788462,1.871394231,0.120192308,4.819711538,0.026442308,0.400240385,0.818509615,2.212740385,0.201923077,4.228365385,0.926682692,1664,5140,3.088942308,unsucc
1.484157161,4.697084918,0.506970849,4.339670469,2.249683143,0.172370089,4.297845374,0.012674271,0.391634981,0.752851711,2.089987326,0.16730038,3.755386565,0.80608365,789,2289,2.901140684,succ
