0.054488,0.04614,0.042998,0.028815,0.032585,0.023968,0.031688,0.034201,0.021275,0.027828,0.018223,0.018851,0.020646,0.013285,0.012388,0.017594,0.020826,0.001795,succ
0.044005,0.052913,0.050241,0.027793,0.027793,0.047746,0.020488,0.023517,0.015143,0.019419,0.014431,0.021735,0.019954,0.01354,0.016212,0.013896,0.011937,0.004988,succ
0.054726,0.046606,0.045956,0.031179,0.035563,0.022572,0.027444,0.01835,0.020786,0.01429,0.017863,0.018188,0.020624,0.019162,0.012666,0.01835,0.01835,0.01088,unsucc
0.046328,0.047415,0.04321,0.03306,0.027985,0.02494,0.022693,0.032045,0.018633,0.025085,0.02175,0.0174,0.015878,0.01885,0.01682,0.016458,0.016893,0.007468,unsucc
0.051168,0.04575,0.043583,0.032145,0.028654,0.025163,0.024561,0.025403,0.02131,0.02143,0.017337,0.017096,0.017397,0.015411,0.014929,0.014568,0.01529,0.006622,unsucc
0.06034,0.050916,0.046859,0.041099,0.026963,0.026702,0.019634,0.020288,0.027487,0.017932,0.024084,0.019895,0.017277,0.015445,0.012958,0.017147,0.017539,0.009686,succ
0.05835,0.056664,0.048235,0.029503,0.03147,0.029596,0.025101,0.022853,0.019575,0.018545,0.0192,0.017795,0.017327,0.01536,0.014705,0.013768,0.013112,0.011801,unsucc
0.053685,0.050614,0.047429,0.027184,0.036283,0.024113,0.027753,0.021838,0.020246,0.022748,0.016151,0.019222,0.022975,0.014786,0.011943,0.01763,0.019449,0.012625,succ
0.058641,0.050147,0.047043,0.036753,0.031199,0.027442,0.023032,0.019765,0.025319,0.019275,0.019765,0.021725,0.020908,0.009474,0.007024,0.018131,0.015844,0.008821,succ
0.05461,0.053515,0.050231,0.030771,0.024203,0.028825,0.017636,0.027001,0.024203,0.023474,0.020555,0.01496,0.015568,0.015081,0.012892,0.013865,0.013257,0.007054,succ
0.052544,0.049533,0.035381,0.029359,0.037188,0.029058,0.029359,0.016411,0.019572,0.012346,0.018669,0.014755,0.01882,0.022433,0.014755,0.019874,0.019874,0.013098,succ
0.054938,0.055342,0.053323,0.030095,0.031509,0.038376,0.02444,0.0204,0.018178,0.01636,0.026257,0.029691,0.024238,0.015552,0.015148,0.017168,0.01838,0.002626,succ
0.046763,0.05223,0.044748,0.029928,0.03036,0.029496,0.023022,0.025324,0.018129,0.018705,0.020863,0.020719,0.020576,0.018705,0.017122,0.015827,0.018417,0.006619,succ
0.060537,0.048942,0.051773,0.030875,0.000135,0.029257,0.000135,0.022651,0.020493,0.017123,0.024134,0.000135,0.000135,0.011865,0.009438,0.000135,0.000135,0.008359,succ
0.053331,0.053862,0.052002,0.033805,0.032012,0.028359,0.024374,6.60E-05,0.019858,6.60E-05,0.022116,0.019592,0.018729,0.015607,0.013017,0.020389,0.018198,0.004516,unsucc
0.047134,0.049896,0.047307,0.032113,0.028315,0.032113,0.018992,0.021754,0.018819,0.020546,0.023481,0.015884,0.017956,0.016402,0.012086,0.017265,0.015193,0.006906,succ
0.050328,0.05117,0.049992,0.033075,0.030971,0.029709,0.026342,0.024912,0.022387,0.026258,0.021377,0.019946,0.020535,0.016243,0.011698,0.015654,0.015317,0.003198,succ
0.051241,0.063103,0.057568,0.02483,0.027835,0.042543,0.021034,0.01455,0.016606,0.015341,0.026886,0.020718,0.019453,0.020876,0.023407,0.013443,0.013601,0.004745,succ
0.065138,0.055563,0.048255,0.031372,0.032758,0.03238,0.028348,0.027718,0.026332,0.025828,0.020285,0.019403,0.018773,0.015245,0.01367,0.011717,0.013103,0.008819,unsucc
0.05003,0.055152,0.053842,0.026563,0.037761,0.039547,0.029541,0.022871,0.017034,0.020727,0.02156,0.022156,0.024181,0.014413,0.012627,0.016081,0.015605,0.004884,succ
0.055763,0.054573,0.055763,0.030602,0.00017,0.038932,0.00017,0.016831,0.020061,0.014791,0.022951,0.00017,0.00017,0.014111,0.012241,0.00017,0.00017,0.0034,succ
0.053973,0.061006,0.046414,0.029887,0.023207,0.032876,0.017932,0.016878,0.022504,0.016174,0.020921,0.017932,0.015295,0.021097,0.025668,0.013537,0.012482,0.003692,succ
0.050696,0.044862,0.043981,0.027688,0.040073,0.029009,0.033908,0.02499,0.019046,0.024825,0.017669,0.019431,0.022403,0.008257,0.00644,0.021467,0.021853,0.008532,unsucc
0.058718,0.056178,0.049455,0.028388,0.036008,0.036008,0.028537,0.018377,0.024354,0.017481,0.018826,0.019573,0.021963,0.015987,0.013596,0.019124,0.016136,0.01001,succ
0.062034,0.06179,0.059348,0.035169,0.026133,0.042374,0.022469,0.021004,0.021248,0.017218,0.02137,0.019661,0.020027,0.016974,0.014043,0.012578,0.012456,0.00635,succ
0.067638,0.046384,0.043577,0.035289,0.038498,0.022591,0.032215,0.027804,0.019783,0.023927,0.020051,0.016174,0.013635,0.014169,0.009223,0.016442,0.01858,0.008689,succ
0.057736,0.059569,0.060791,0.035589,0.024897,0.040782,0.018329,0.018329,0.023064,0.01894,0.026883,0.01894,0.013899,0.015121,0.013289,0.013289,0.016038,0.00443,succ
0.061348,0.000114,0.000114,0.033993,0.028957,0.000114,0.024379,0.02209,0.022548,0.021632,0.000114,0.000114,0.000114,0.017283,0.000114,0.017168,0.023578,0.000114,succ
0.052824,0.056645,0.052658,0.032226,0.025914,0.033887,0.019435,0.023588,0.019767,0.020598,0.023256,0.019103,0.017774,0.016944,0.013953,0.012625,0.012957,0.006977,succ
0.055622,0.05987,0.05841,0.034515,0.022567,0.035975,0.019249,0.011947,0.02416,0.01447,0.025488,0.016461,0.017788,0.022036,0.019249,0.012744,0.01447,0.010753,succ
0.051724,0.06043,0.05326,0.026801,0.025265,0.039604,0.017753,0.02168,0.020656,0.016388,0.018948,0.017753,0.015705,0.016388,0.017583,0.013315,0.011267,0.005463,succ
0.053543,0.051651,0.047286,0.032155,0.030845,0.025898,0.02488,0.022989,0.019497,0.020224,0.019642,0.018187,0.018478,0.017169,0.011785,0.018042,0.017023,0.005965,succ
0.070399,0.05646,0.05482,0.036547,0.032681,0.03151,0.024599,0.025302,0.024833,0.025067,0.022842,0.016048,0.015814,0.019328,0.013822,0.014642,0.013002,0.003631,unsucc
0.06595,0.06206,0.052242,0.03279,0.034642,0.03316,0.023898,0.020748,0.022416,0.016858,0.02186,0.018525,0.01797,0.014635,0.013709,0.015191,0.012783,0.009263,succ
0.057247,0.047638,0.046556,0.035729,0.040601,0.028962,0.025714,0.023413,0.02206,0.022601,0.017864,0.016105,0.018541,0.00988,0.010421,0.018541,0.014346,0.01218,succ
0.067539,0.056722,0.054962,0.033078,0.025531,0.032197,0.023016,0.021004,0.023896,0.014086,0.020752,0.015344,0.01962,0.01635,0.015218,0.014589,0.014212,0.002264,succ
0.042516,0.05061,0.040358,0.035394,0.033236,0.029351,0.022769,0.023956,0.023093,0.018668,0.02169,0.01964,0.016186,0.014136,0.013165,0.017266,0.01651,0.002914,succ
0.046368,0.044974,0.041952,0.032307,0.029285,0.024985,0.021732,0.021732,0.017316,0.01778,0.022777,0.018361,0.018361,0.014294,0.01441,0.018361,0.018361,0.014526,succ
0.05323,0.056245,0.055085,0.02818,0.027369,0.046272,0.022962,0.020179,0.017975,0.015772,0.019831,0.017627,0.018671,0.000116,0.000116,0.014612,0.015076,0.006958,succ
0.068847,0.05436,0.048703,0.03601,0.031457,0.034078,0.026076,0.026076,0.023593,0.024972,0.021523,0.014901,0.014349,0.01835,0.017384,0.016418,0.013521,0.000414,succ
0.05335,0.050597,0.046925,0.033502,0.032469,0.027536,0.022258,0.022946,0.022487,0.01939,0.020996,0.024667,0.022832,0.012965,0.012162,0.014686,0.016751,0.00849,succ
0.060613,0.046634,0.046969,0.029971,0.032543,0.027063,0.033326,0.023708,0.024044,0.022031,0.018005,0.018229,0.020689,0.01096,0.009058,0.016216,0.016327,0.016327,succ
0.062958,0.05907,0.055929,0.033348,0.030806,0.032601,0.026021,0.023179,0.022132,0.022432,0.022132,0.018693,0.019441,0.011964,0.010319,0.015104,0.015702,0.016151,succ
0.060523,0.048968,0.049519,0.038102,0.022696,0.028198,0.02077,0.028886,0.024072,0.019257,0.022283,0.012105,0.015131,0.015406,0.013618,0.015268,0.015406,0.00729,succ
0.065101,0.04975,0.049565,0.032365,0.03329,0.027927,0.026447,0.029036,0.019234,0.027372,0.019604,0.017755,0.020529,0.011652,0.010542,0.014981,0.014981,0.003514,succ
6.10E-05,6.10E-05,6.10E-05,6.10E-05,6.10E-05,0.042523,6.10E-05,6.10E-05,6.10E-05,6.10E-05,0.023183,0.024465,0.023,6.10E-05,0.020072,0.013239,0.013361,6.10E-05,unsucc
0.056153,0.044056,0.038232,0.035992,0.034648,0.021207,0.029421,0.030018,0.022252,0.0227,0.019564,0.015532,0.017622,0.017622,0.014486,0.017025,0.021505,0.003286,succ
0.055632,0.057412,0.053038,0.030714,0.037986,0.031732,0.030155,0.027511,0.021815,0.023443,0.019629,0.024714,0.021612,0.011442,0.008899,0.015357,0.016018,0.003763,unsucc
0.077287,0.048263,0.047937,0.026414,0.034078,0.020055,0.034404,0.027393,0.026414,0.026904,0.012881,0.013859,0.015979,0.015979,0.010109,0.012229,0.015001,0.016305,unsucc
0.047084,0.047821,0.0422,0.028471,0.032802,0.027458,0.025154,0.024601,0.018797,0.021192,0.018797,0.018152,0.019257,0.013913,0.011057,0.021377,0.017322,0.006266,succ
0.072287,0.04878,0.051962,0.035702,0.034288,0.027748,0.028986,0.030753,0.026334,0.030399,0.019618,0.016967,0.01679,0.012902,0.006539,0.0152,0.016083,0.003005,succ
0.047979,0.043162,0.04099,0.033623,0.034662,0.026351,0.027389,0.034567,0.018512,0.029562,0.021817,0.019645,0.018984,0.01275,0.009822,0.020589,0.018512,0.0017,succ
0.061251,0.066572,0.057704,0.030389,0.021402,0.047298,0.017027,0.019156,0.031571,0.018092,0.021284,0.016909,0.014781,0.015017,0.016318,0.009341,0.012534,0.004848,succ
0.049456,0.049053,0.044483,0.030238,0.039645,0.034135,0.030775,0.024862,0.021771,0.019352,0.017202,0.018815,0.019755,0.01317,0.009811,0.021234,0.019352,0.005107,succ
0.00017,0.00017,0.00017,0.00017,0.00017,0.0316,0.00017,0.00017,0.00017,0.00017,0.024295,0.023955,0.022086,0.00017,0.007136,0.013592,0.01682,0.00017,succ
0.06393,0.049378,0.046891,0.03806,0.036692,0.027488,0.026119,0.027736,0.024129,0.025249,0.024378,0.019527,0.01505,0.014303,0.011194,0.016667,0.013806,0.003483,unsucc
0.071247,0.059811,0.056453,0.035578,0.024959,0.034761,0.021692,0.025231,0.02505,0.021329,0.023053,0.014522,0.014975,0.016609,0.016155,0.013977,0.013977,0.008168,succ
0.060085,0.056001,0.050022,0.036605,0.034272,0.035584,0.024938,0.019105,0.023771,0.01575,0.024209,0.024792,0.019396,0.018813,0.017063,0.017646,0.016625,0.003208,succ
0.061051,0.052026,0.047602,0.030791,0.033799,0.032207,0.026013,0.000177,0.020173,0.000177,0.020704,0.021412,0.02442,0.014334,0.014334,0.013449,0.015926,0.00584,succ
0.066818,0.051954,0.054077,0.032276,0.033409,0.033834,0.027746,0.019536,0.025623,0.016563,0.020951,0.017412,0.016563,0.000142,0.000142,0.015997,0.016846,0.008211,succ
0.067402,0.050799,0.049932,0.037046,0.026391,0.026762,0.022302,0.026143,0.023913,0.022426,0.021559,0.014249,0.016727,0.015983,0.011027,0.014868,0.01462,0.011894,succ
0.069101,0.065163,0.059434,0.036878,0.029001,0.049767,0.023631,0.017186,0.029001,0.021124,0.023272,0.019334,0.015038,0.011457,0.011457,0.015396,0.015754,0.000716,succ
0.056732,0.062958,0.057977,0.033347,0.031825,0.048014,0.027259,0.020756,0.022139,0.015913,0.026014,0.02463,0.022416,0.013145,0.010931,0.015082,0.016466,0.002491,succ
0.053382,0.049989,0.050667,0.033137,0.031102,0.036869,0.02375,0.019113,0.021601,0.019566,0.024203,0.02047,0.017304,0.012893,0.011197,0.01753,0.016738,0.006899,succ
0.058129,0.057507,0.052378,0.024402,0.032017,0.034193,0.026422,0.020361,0.019583,0.020361,0.020361,0.020361,0.016164,0.011191,0.013056,0.017408,0.018029,0.052378,succ
0.062999,0.040209,0.039919,0.032516,0.032661,0.026564,0.029467,0.033096,0.024967,0.023661,0.015097,0.017855,0.020613,0.013064,0.00958,0.014806,0.017564,0.0135,unsucc
0.037432,0.050999,0.043336,0.033915,0.033036,0.032408,0.022233,0.018591,0.015953,0.013441,0.026127,0.023741,0.022485,0.010551,0.011808,0.021857,0.01947,0.003768,succ
0.069467,0.050754,0.053581,0.025579,0.030829,0.026521,0.02706,0.032849,0.019925,0.034195,0.014809,0.017501,0.018848,0.010635,0.008481,0.013866,0.013463,0.01427,succ
0.056417,0.05369,0.051474,0.049599,0.027612,0.028805,0.018578,0.018578,0.031703,0.01551,0.02676,0.018067,0.017044,0.011931,0.010227,0.016533,0.012954,0.006988,succ
0.055546,0.042982,0.045297,0.030088,0.032071,0.026285,0.027773,0.021161,0.019177,0.019838,0.021656,0.01802,0.018681,0.020003,0.012729,0.016862,0.018185,0.007605,succ
0.060923,0.052896,0.049169,0.032683,0.032397,0.0334,0.026233,0.028956,0.020212,0.025659,0.021216,0.019065,0.019209,0.017775,0.015482,0.016628,0.014335,0.005734,succ
0.046225,0.048531,0.043217,0.026572,0.043919,0.047929,0.028176,0.023163,0.017046,0.021558,0.019954,0.022761,0.022661,0.016745,0.020656,0.015843,0.016845,0.002808,succ
0.056668,0.05545,0.048322,0.030545,0.035057,0.035328,0.027612,0.01913,0.018859,0.014889,0.01719,0.018363,0.020078,0.02116,0.016964,0.018183,0.013671,0.005324,succ
0.059138,0.0444,0.044462,0.04098,0.034699,0.022449,0.028356,0.030222,0.027548,0.029787,0.022698,0.01735,0.016852,0.010758,0.008519,0.019961,0.020272,0.009577,unsucc
0.058194,0.044,0.045806,0.035097,0.037032,0.023355,0.031226,0.029161,0.027355,0.033677,0.016903,0.014968,0.018065,0.010323,0.007097,0.017806,0.016645,0.009032,unsucc
0.000147,0.000147,0.000147,0.000147,0.000147,0.02884,0.000147,0.000147,0.000147,0.000147,0.020747,0.022072,0.017069,0.000147,0.011477,0.012949,0.013537,0.000147,succ
0.055462,0.040489,0.039013,0.038591,0.036272,0.021721,0.024462,0.027625,0.021932,0.023197,0.017503,0.021721,0.01919,0.014551,0.014551,0.016027,0.015605,0.013286,succ
0.051654,0.054231,0.04854,0.030284,0.040378,0.033076,0.033505,0.021692,0.022766,0.019115,0.015464,0.020619,0.024485,0.016108,0.012242,0.015893,0.015034,0.009021,unsucc
0.055638,0.073237,0.069446,0.01286,0.018817,0.093137,0.020035,0.015839,0.01259,0.013131,0.013943,0.015839,0.016245,0.018952,0.02545,0.005821,0.004061,0.000135,succ
0.063516,0.054741,0.052593,0.031728,0.034182,0.025959,0.028843,0.02823,0.022461,0.025959,0.01884,0.020865,0.021049,0.016447,0.011844,0.016447,0.017245,0.000982,unsucc
0.061467,0.037389,0.04256,0.025095,0.039,0.018228,0.041713,0.030097,0.019839,0.027639,0.011785,0.020348,0.024417,0.010852,0.008139,0.018228,0.016956,0.014752,unsucc
0.055628,0.053529,0.046576,0.030045,0.035817,0.031881,0.026765,0.026371,0.019811,0.020205,0.020992,0.023353,0.020205,0.016269,0.01417,0.016793,0.017843,0.001968,succ
0.061625,0.058201,0.059602,0.032524,0.03268,0.036415,0.026922,0.019141,0.024899,0.01634,0.020853,0.022253,0.022253,0.013228,0.009493,0.013539,0.013694,0.005758,succ
0.058999,0.055233,0.048172,0.035305,0.026361,0.035148,0.017888,0.025106,0.024478,0.022909,0.019143,0.017417,0.016005,0.013181,0.012082,0.016476,0.011141,0.010042,succ
0.065752,0.057552,0.050097,0.032652,0.031609,0.026689,0.024005,0.025794,0.02311,0.022066,0.01983,0.014612,0.012972,0.015208,0.009691,0.017892,0.018935,0.0082,succ
0.045369,0.046915,0.046056,0.029043,0.029043,0.032308,0.023887,0.026637,0.015982,0.021481,0.019247,0.021481,0.021653,0.013748,0.014264,0.016498,0.014435,0.009624,succ
0.068346,0.071886,0.064738,0.021579,0.02015,0.097005,0.017563,0.018039,0.012934,0.015248,0.017699,0.02049,0.017631,0.017699,0.0226,0.007284,0.006127,0.000885,succ
0.048402,0.046811,0.050126,0.037793,0.032091,0.025461,0.029704,0.02798,0.024135,0.026522,0.022146,0.019096,0.020156,0.011935,0.01273,0.019891,0.022013,0.005304,succ
0.064024,0.062013,0.055476,0.029833,0.035029,0.040895,0.026481,0.020699,0.02028,0.017431,0.020783,0.019861,0.02095,0.015,0.013911,0.014665,0.013576,0.004274,unsucc
0.050209,0.042702,0.037031,0.034696,0.037698,0.025354,0.032694,0.033361,0.022018,0.02352,0.018182,0.021351,0.017848,0.017181,0.013011,0.017515,0.021351,0.006839,succ
0.053468,0.048522,0.045813,0.035332,0.027676,0.032152,0.024614,0.027912,0.022377,0.026381,0.022141,0.017548,0.017195,0.013662,0.014957,0.015428,0.013779,0.008833,succ
0.050019,0.063661,0.056516,0.028972,0.03222,0.042744,0.025854,0.018319,0.01702,0.01611,0.021697,0.023775,0.020787,0.015201,0.014161,0.01637,0.013772,0.00013,succ
0.05911,0.051362,0.059023,0.027945,0.031079,0.029686,0.026204,0.025855,0.01802,0.024201,0.015931,0.017063,0.019761,0.015844,0.011665,0.014973,0.014277,0.011578,unsucc
0.000143,0.000143,0.000143,0.000143,0.000143,0.034862,0.000143,0.000143,0.000143,0.000143,0.023718,0.017145,0.014716,0.000143,0.010287,0.013859,0.01143,0.000143,succ
0.058218,0.055023,0.050408,0.029109,0.035854,0.025914,0.028754,0.022897,0.021654,0.018459,0.016152,0.016507,0.019169,0.014909,0.011537,0.017217,0.017039,0.005857,succ
0.045759,0.057591,0.047327,0.027655,0.030791,0.037634,0.018532,0.021525,0.017391,0.018959,0.021525,0.025089,0.019815,0.014113,0.012972,0.014968,0.016108,0.005702,succ
0.065381,0.060212,0.058117,0.036602,0.030455,0.02822,0.026264,0.026404,0.026683,0.024867,0.026264,0.022073,0.020397,0.022772,0.016206,0.016066,0.020397,0.000279,succ
0.059407,5.80E-05,5.80E-05,0.025933,0.025062,5.80E-05,0.02309,0.018681,0.018391,0.014446,5.80E-05,5.80E-05,5.80E-05,0.01636,5.80E-05,0.011429,0.010733,5.80E-05,unsucc
0.074434,0.063107,0.046926,0.022654,0.033981,0.048544,0.029126,0.021036,0.024272,0.011327,0.02589,0.022654,0.017799,0.012945,0.024272,0.011327,0.014563,0.001618,succ
0.061852,0.063472,0.055861,0.032383,0.033031,0.034326,0.026878,0.016677,0.024611,0.014734,0.019592,0.026069,0.020078,0.012306,0.010363,0.015706,0.013763,0.004372,succ
0.00011,0.00011,0.00011,0.00011,0.00011,0.04201,0.00011,0.00011,0.00011,0.00011,0.018696,0.024964,0.023205,0.00011,0.014187,0.012647,0.015286,0.00011,succ
0.000151,0.000151,0.000151,0.000151,0.000151,0.027673,0.000151,0.000151,0.000151,0.000151,0.019507,0.022834,0.013912,0.000151,0.016936,0.01618,0.019961,0.000151,succ
0.053755,0.054012,0.052212,0.033565,0.032665,0.02662,0.023791,0.025849,0.020062,0.021862,0.020448,0.019162,0.020833,0.016847,0.015818,0.015818,0.015175,0.007202,unsucc
0.071166,0.064362,0.055719,0.032181,0.027032,0.042663,0.016918,0.017286,0.025745,0.017286,0.023906,0.020412,0.015447,0.016918,0.015815,0.01085,0.011953,0.004046,succ
0.052564,0.051994,0.043875,0.02963,0.032479,0.035328,0.027635,0.021083,0.019658,0.014815,0.015812,0.021937,0.020655,0.016097,0.016239,0.016667,0.017949,0.007835,succ
0.050258,0.056235,0.055058,0.023544,0.031513,0.043738,0.027076,0.029521,0.017749,0.027348,0.017387,0.024993,0.023635,0.011138,0.010414,0.012497,0.015304,0.004528,unsucc
0.063877,0.058737,0.05268,0.031571,0.034141,0.028267,0.026982,0.018906,0.021476,0.015419,0.01909,0.01964,0.023862,0.01707,0.013216,0.017438,0.015969,0.01083,succ
0.051504,0.039405,0.039732,0.033355,0.035971,0.022073,0.031557,0.025016,0.021746,0.021256,0.021419,0.019457,0.019948,0.015043,0.010137,0.021092,0.021092,0.009483,succ
0.063566,0.056503,0.054091,0.034625,0.000172,0.030319,0.000172,0.021189,0.025323,0.020327,0.01826,0.000172,0.000172,0.017743,0.012748,0.000172,0.000172,0.004479,succ
0.051236,0.052684,0.047253,0.031954,0.034398,0.043813,0.02245,0.025889,0.021273,0.024169,0.022993,0.027338,0.022812,0.00688,0.009052,0.018919,0.018104,0.001539,succ
0.057653,0.052201,0.05261,0.033529,0.029849,0.034619,0.023715,0.022898,0.023443,0.020172,0.024397,0.018945,0.015265,0.013766,0.011449,0.014584,0.016628,0.003953,succ
0.067123,0.056518,0.052759,0.034904,0.02403,0.03034,0.019063,0.02309,0.026312,0.022688,0.0196,0.01423,0.015438,0.014767,0.011545,0.014499,0.012619,0.007921,succ
0.054914,0.051362,0.041889,0.037744,0.028715,0.026051,0.021462,0.026791,0.024275,0.022202,0.024423,0.016578,0.018798,0.016874,0.016578,0.016874,0.012729,0.006661,succ
0.06848,0.045011,0.04361,0.029657,0.031876,0.0202,0.028606,0.028373,0.023411,0.024812,0.015354,0.019266,0.020141,0.019733,0.01226,0.013953,0.017339,0.008815,unsucc
0.05273,0.049298,0.05039,0.033697,0.031201,0.029953,0.025429,0.023245,0.021997,0.020281,0.019657,0.025429,0.024025,0.012949,0.007956,0.015133,0.016537,0.006552,succ
0.066686,0.055238,0.054522,0.03277,0.029765,0.032341,0.027189,0.021752,0.020321,0.018603,0.019462,0.02075,0.020034,0.015884,0.012307,0.013595,0.01431,0.007298,succ
0.063806,0.055556,0.051155,0.041071,0.023286,0.028786,0.019802,0.027319,0.024386,0.024386,0.023102,0.012651,0.015402,0.016318,0.012285,0.014851,0.013568,0.002567,succ
0.05224,0.043809,0.043809,0.033725,0.031906,0.029757,0.03141,0.032071,0.021491,0.02893,0.019342,0.019507,0.020995,0.014548,0.013887,0.01802,0.019011,0.003141,succ
0.071338,0.043393,0.039039,0.040163,0.036933,0.021345,0.023452,0.034686,0.028226,0.028086,0.019239,0.01643,0.011375,0.0132,0.006881,0.017975,0.017835,0.00969,succ
0.066597,0.069302,0.063289,0.030818,0.024203,0.039687,0.019242,0.020896,0.022099,0.019242,0.02285,0.020746,0.019844,0.010824,0.012327,0.014131,0.010673,0.006013,succ
0.050104,0.056715,0.051844,0.02453,0.032185,0.046625,0.031489,0.0127,0.018093,0.012352,0.017049,0.024878,0.028706,0.014266,0.012004,0.020181,0.01531,0.004697,succ
0.050868,0.044412,0.043633,0.030833,0.032947,0.027605,0.024488,0.021149,0.018032,0.019702,0.017921,0.020258,0.020036,0.014136,0.011131,0.018589,0.020703,0.007346,succ
0.05296,0.042124,0.039957,0.036435,0.032778,0.020994,0.024516,0.023026,0.027631,0.021942,0.01815,0.015847,0.015847,0.007991,0.006501,0.023432,0.017879,0.012326,succ
0.058513,0.057123,0.053648,0.039611,0.033773,0.036553,0.028353,0.021126,0.026407,0.014454,0.02599,0.021195,0.020292,0.016956,0.014593,0.018624,0.019736,0.002224,unsucc
0.059904,0.039182,0.039453,0.034657,0.034386,0.016379,0.025337,0.029228,0.021808,0.027871,0.017917,0.013121,0.015474,0.013211,0.010044,0.021084,0.018098,0.011492,unsucc
0.062385,0.053323,0.052535,0.031521,0.037037,0.034542,0.029682,0.021408,0.022721,0.021802,0.023772,0.019832,0.01773,0.012346,0.010113,0.019307,0.019701,0.006304,succ
0.066001,0.056572,0.050099,0.037292,0.028427,0.032367,0.024346,0.027864,0.024486,0.023079,0.020265,0.01942,0.018857,0.017591,0.014636,0.01548,0.015621,0.002392,succ
0.051246,0.054343,0.051866,0.032513,0.034216,0.026784,0.02601,0.024307,0.019972,0.021211,0.020901,0.022604,0.024462,0.015482,0.013779,0.016721,0.018269,0.003716,succ
0.050227,0.053669,0.05273,0.027695,0.023001,0.033641,0.019872,0.017368,0.017368,0.017055,0.020341,0.017212,0.019246,0.019715,0.019872,0.011266,0.012674,0.008762,succ
0.000143,0.000143,0.000143,0.000143,0.000143,0.023402,0.000143,0.000143,0.000143,0.000143,0.016553,0.018265,0.017694,0.000143,0.006849,0.013699,0.018265,0.000143,unsucc
0.061621,0.058624,0.058364,0.03283,0.037129,0.029703,0.029312,0.01876,0.02345,0.017978,0.020714,0.020844,0.020974,0.010162,0.010031,0.017327,0.016936,0.006905,unsucc
0.071536,0.060314,0.060051,0.038,0.030058,0.035703,0.022774,0.019689,0.025596,0.02028,0.026121,0.017458,0.013979,0.018508,0.015095,0.013979,0.01411,0.00466,unsucc
0.052429,0.055821,0.057055,0.024827,0.029453,0.048419,0.028836,0.014803,0.014649,0.014187,0.024672,0.024827,0.025598,0.016808,0.012182,0.010177,0.01357,0.006785,succ
0.059079,0.061066,0.055285,0.000181,0.031075,0.033424,0.021861,0.019874,0.000181,0.016621,0.000181,0.016441,0.017706,0.015718,0.01355,0.000181,0.000181,0.01355,succ
0.068754,0.069053,0.065758,0.031306,0.026962,0.052127,0.020671,0.02157,0.024416,0.016028,0.02172,0.017975,0.017226,0.012433,0.01453,0.012732,0.009886,0.002247,succ
0.055928,0.065519,0.058008,0.025768,0.025768,0.044604,0.021493,0.018257,0.020337,0.016409,0.018142,0.018257,0.01976,0.026346,0.021609,0.011555,0.012249,0.002196,succ
0.051606,0.05444,0.047709,0.031767,0.037907,0.035664,0.028814,0.021375,0.018777,0.020076,0.019721,0.018895,0.021729,0.012636,0.011455,0.017478,0.014761,0.006613,succ
0.057485,0.052622,0.049323,0.000174,0.025182,0.02935,0.023272,0.03265,0.000174,0.028656,0.000174,0.017541,0.014415,0.01563,0.012678,0.000174,0.000174,0.005384,succ
0.049905,0.047511,0.046503,0.030624,0.040832,0.029616,0.029868,0.032262,0.018778,0.026843,0.023819,0.030876,0.022054,0.010964,0.006049,0.017895,0.021928,0.003403,unsucc
0.066657,0.064597,0.056945,0.032225,0.030901,0.036639,0.027369,0.016922,0.023396,0.013832,0.022219,0.019276,0.015156,0.016186,0.015156,0.014567,0.012949,0.006916,succ
0.044146,0.055536,0.052565,0.035656,0.025327,0.03601,0.019172,0.015564,0.021719,0.014857,0.024266,0.020941,0.017828,0.016201,0.015423,0.015069,0.013159,0.003679,unsucc
0.056835,0.057779,0.058535,0.030778,0.027568,0.03531,0.021715,0.021715,0.019826,0.017183,0.02568,0.023603,0.022092,0.014728,0.012651,0.013595,0.016427,0.004909,succ
0.061948,0.049211,0.044724,0.029092,0.040237,0.028803,0.031119,0.023158,0.020553,0.01925,0.019395,0.024316,0.023303,0.013461,0.010421,0.0165,0.016355,0.01404,succ
0.053109,0.068825,0.062051,0.026013,0.031161,0.048367,0.023845,0.015987,0.017206,0.016935,0.020187,0.024658,0.021271,0.016122,0.015174,0.010297,0.011652,0.007858,succ
0.057986,0.052691,0.045758,0.027984,0.036682,0.030253,0.027228,0.020295,0.018026,0.015001,0.017522,0.025967,0.024329,0.009706,0.010841,0.017774,0.015883,0.007059,succ
8.60E-05,8.60E-05,8.60E-05,8.60E-05,8.60E-05,0.030521,8.60E-05,8.60E-05,8.60E-05,8.60E-05,0.024348,0.013546,0.011831,8.60E-05,0.011488,0.011488,0.009602,8.60E-05,unsucc
0.06397,0.05287,0.05214,0.030086,0.030378,0.040748,0.026435,0.022492,0.025851,0.022053,0.019571,0.023514,0.021907,0.011684,0.007595,0.014897,0.018402,0.008471,succ
0.063166,0.045485,0.04589,0.040221,0.031043,0.026994,0.027264,0.026589,0.026724,0.02416,0.022,0.016601,0.016601,0.014982,0.008773,0.016736,0.017411,0.010933,succ
0.000174,0.000174,0.000174,0.000174,0.000174,0.03176,0.000174,0.000174,0.000174,0.000174,0.023429,0.014231,0.01562,0.000174,0.010413,0.016314,0.011454,0.000174,succ
0.06567,0.048854,0.048234,0.027171,0.027702,0.026286,0.030534,0.035932,0.022037,0.029118,0.016462,0.01717,0.016108,0.014426,0.011151,0.013187,0.013541,0.008231,unsucc
0.066676,0.05719,0.057053,0.029007,0.024883,0.02612,0.02887,0.018422,0.022134,0.018559,0.017459,0.017184,0.021721,0.018147,0.014297,0.014847,0.01636,0.024196,unsucc
0.058301,0.05721,0.048948,0.000156,0.022447,0.041621,0.019174,0.01855,0.000156,0.017615,0.000156,0.017147,0.015744,0.01668,0.018706,0.000156,0.000156,0.007638,succ
0.051962,0.050373,0.045288,0.024789,0.030987,0.03051,0.024948,0.000159,0.01891,0.000159,0.019546,0.017798,0.018592,0.016844,0.020817,0.014461,0.015255,0.019704,succ
0.057596,0.067195,0.058013,0.03172,0.026294,0.041319,0.018364,0.015025,0.020033,0.015442,0.025876,0.018781,0.016694,0.019616,0.021285,0.009599,0.008765,0.007513,succ
0.049991,0.000173,0.000173,0.024044,0.027158,0.000173,0.024563,0.021796,0.016779,0.020239,0.000173,0.000173,0.000173,0.018336,0.000173,0.015222,0.016087,0.000173,succ
0.052187,0.048108,0.041919,0.035167,0.030665,0.028274,0.019693,0.026164,0.0211,0.019975,0.02532,0.019693,0.013082,0.014067,0.011394,0.017583,0.019693,0.010128,succ
0.063033,0.063178,0.058696,0.030505,0.027902,0.038167,0.028047,0.019228,0.021975,0.013301,0.023565,0.020095,0.021252,0.014602,0.013445,0.013011,0.015469,0.002891,succ
0.060874,0.053594,0.05127,0.025713,0.032063,0.036555,0.028191,0.01456,0.020446,0.015025,0.021066,0.019362,0.019827,0.018123,0.016264,0.013631,0.013476,0.004492,succ
0.053053,0.040133,0.036346,0.03327,0.035211,0.022433,0.029626,0.036252,0.018079,0.031898,0.017984,0.015618,0.017037,0.009938,0.008045,0.016375,0.017795,0.010885,unsucc
0.036797,0.045145,0.045997,0.026746,0.027598,0.034753,0.026917,0.01908,0.012777,0.016014,0.020273,0.020954,0.022658,0.00017,0.00017,0.012777,0.013799,0.015332,succ
0.057856,0.06787,0.062307,0.033379,0.034739,0.051799,0.024601,0.015948,0.02114,0.017307,0.023736,0.026827,0.019038,0.015948,0.01434,0.01706,0.014835,0.00136,succ
0.049654,0.054671,0.048097,0.026817,0.029066,0.042215,0.025606,0.022318,0.015571,0.021626,0.023183,0.023702,0.023183,0.014014,0.010727,0.01436,0.013841,0.000173,succ
0.054809,0.062058,0.054809,8.80E-05,0.031294,0.04703,0.021216,0.023338,8.80E-05,0.020686,8.80E-05,0.02157,0.023338,0.013614,0.011492,8.80E-05,8.80E-05,0.006895,unsucc
0.064408,0.066378,0.068347,0.000197,0.033287,0.047075,0.025803,0.016348,0.000197,0.014773,0.000197,0.021863,0.022848,0.013788,0.017727,0.000197,0.000197,0.00847,succ
0.051904,0.055156,0.048885,0.030307,0.028913,0.034835,0.022875,0.029029,0.017534,0.022527,0.022643,0.02183,0.020901,0.014863,0.012308,0.014979,0.016024,0.008012,succ
0.043123,0.051482,0.051672,0.029825,0.024506,0.056991,0.018997,0.016527,0.015578,0.017287,0.020517,0.019947,0.016717,0.024316,0.021277,0.013488,0.012348,0.005129,succ
0.060094,0.050275,0.043991,0.026316,0.000196,0.029851,0.000196,0.019639,0.023763,0.020031,0.020621,0.000196,0.000196,0.024548,0.022388,0.000196,0.000196,0.00707,succ
0.059142,0.056903,0.052985,0.026119,0.028918,0.039739,0.025,0.017164,0.01903,0.015112,0.020709,0.025187,0.023881,0.01791,0.015485,0.012687,0.012687,0.007649,succ
0.049285,0.044086,0.04636,0.030654,0.029788,0.030329,0.029679,0.018523,0.019822,0.015598,0.024047,0.020906,0.021989,0.019172,0.014081,0.017981,0.021989,0.010074,succ
0.062149,0.063604,0.06402,0.026398,0.02619,0.046352,0.020162,0.016629,0.018084,0.020994,0.018499,0.022656,0.020058,0.012887,0.015381,0.011432,0.012471,0.014966,unsucc
0.057808,0.050381,0.047973,0.038539,0.026696,0.032718,0.023284,0.029707,0.024087,0.024488,0.029707,0.015656,0.011642,0.016861,0.016259,0.012646,0.01666,0.001004,succ
0.05758,0.054898,0.05127,0.031393,0.03581,0.03723,0.029658,0.025556,0.018457,0.021928,0.018615,0.017826,0.018457,0.017195,0.01546,0.016091,0.014829,0.004733,succ
0.055021,0.060183,0.051267,0.027687,0.028273,0.04153,0.023698,0.020296,0.019826,0.018067,0.020882,0.021586,0.014782,0.020061,0.021938,0.017363,0.015134,0.000469,succ
0.055062,0.050811,0.041345,0.041731,0.033617,0.0284,0.018547,0.000193,0.02415,0.000193,0.022025,0.020672,0.013717,0.011978,0.014876,0.015842,0.015842,0.007342,succ
0.063833,0.055422,0.055422,0.032292,0.029288,0.045359,0.022079,0.023731,0.020577,0.021027,0.024031,0.019826,0.018624,0.014269,0.012616,0.014719,0.017122,0.003454,succ
0.050479,0.045847,0.045687,0.028435,0.03147,0.029233,0.027636,0.022045,0.020128,0.015815,0.018051,0.022524,0.021406,0.013738,0.010863,0.015655,0.017572,0.007987,succ
0.057841,0.000161,0.000161,0.032776,0.029724,0.000161,0.025064,0.028117,0.023779,0.020084,0.000161,0.000161,0.000161,0.015585,0.000161,0.01687,0.019602,0.000161,succ
0.0524,0.051721,0.046803,0.042055,0.03205,0.02815,0.022554,0.021876,0.027132,0.013566,0.028659,0.017467,0.015092,0.015262,0.013227,0.022215,0.02391,0.000339,succ
0.065082,0.054617,0.04982,0.034122,0.036302,0.032596,0.030524,0.027254,0.022893,0.02878,0.018206,0.017333,0.017115,0.011992,0.011338,0.017879,0.014935,0.003598,succ
0.052121,0.05406,0.049106,0.026491,0.027353,0.044152,0.023045,0.012923,0.016799,0.012707,0.022399,0.022615,0.021322,0.017015,0.015723,0.013353,0.013784,0.005815,succ
0.056604,0.056057,0.054143,0.026251,0.024884,0.057151,0.020645,0.020235,0.01627,0.017364,0.020645,0.019825,0.017911,0.017637,0.022149,0.011075,0.011758,0.006563,succ
0.052686,0.047454,0.04624,0.034003,0.028585,0.025969,0.023354,0.028024,0.023167,0.024007,0.021766,0.021672,0.020645,0.013825,0.009622,0.014573,0.016721,9.30E-05,succ
0.056261,0.057147,0.051905,0.031675,0.035735,0.040756,0.028647,0.022298,0.018015,0.016539,0.019935,0.025399,0.021707,0.016539,0.014028,0.017056,0.016834,0.000443,succ
0.059858,0.052375,0.052923,0.0337,0.036134,0.029321,0.027191,0.026766,0.020135,0.024089,0.019527,0.018797,0.017458,0.017519,0.014904,0.017154,0.014295,0.006691,unsucc
0.058572,0.059923,0.051213,0.032965,0.023804,0.032815,0.017647,0.019449,0.023128,0.018398,0.024105,0.016595,0.015995,0.017496,0.014267,0.012841,0.013291,0.007059,succ
0.062742,0.052843,0.054047,0.026355,0.025017,0.041472,0.020334,0.018462,0.015518,0.020201,0.01699,0.015786,0.014314,0.020067,0.028227,0.012308,0.011773,0.007625,succ
0.066428,0.056627,0.056161,0.032981,0.03687,0.032514,0.023802,0.026136,0.019913,0.026758,0.019913,0.017424,0.016957,0.013846,0.011668,0.015401,0.012834,0.004978,unsucc
0.047863,0.052814,0.050503,0.031688,0.030038,0.034989,0.027067,0.0203,0.02063,0.015019,0.024426,0.022116,0.023601,0.01766,0.014029,0.013203,0.014854,0.004126,succ
0.056955,0.043812,0.046002,0.034684,0.035779,0.02793,0.025922,0.020811,0.017342,0.019898,0.020263,0.021541,0.019715,0.012596,0.014421,0.01789,0.016794,0.005111,succ
0.057258,0.049848,0.050185,0.031155,0.026608,0.032839,0.023661,0.02745,0.022567,0.026271,0.023072,0.01482,0.015157,0.012799,0.010778,0.015999,0.014651,0.012967,unsucc
0.062799,0.05175,0.054782,0.034329,0.035768,0.023999,0.03032,0.02328,0.022869,0.021687,0.02071,0.01886,0.020556,0.012334,0.009918,0.016034,0.014543,0.007811,unsucc
0.052611,0.046851,0.041859,0.029954,0.028994,0.026306,0.02669,9.60E-05,0.019393,9.60E-05,0.022273,0.018241,0.018625,0.014977,0.011137,0.014977,0.014593,0.012865,unsucc
0.060842,0.048108,0.046869,0.000177,0.03838,0.024231,0.027591,0.026884,0.000177,0.02936,0.000177,0.01751,0.017156,0.016625,0.008136,0.000177,0.000177,0.013265,succ
0.051852,0.039205,0.041915,0.031798,0.03234,0.020777,0.024932,0.02692,0.022584,0.024029,0.022584,0.018248,0.016621,0.009575,0.009395,0.021138,0.019332,0.006685,succ
0.060757,0.045114,0.047041,0.044208,0.028905,0.026411,0.022104,0.023124,0.030719,0.023804,0.022217,0.012809,0.013602,0.012922,0.010882,0.01689,0.01655,0.008501,succ
0.0001,0.0001,0.0001,0.0001,0.0001,0.032859,0.0001,0.0001,0.0001,0.0001,0.017932,0.025045,0.027449,0.0001,0.009717,0.019635,0.018433,0.0001,succ
0.058474,0.0528,0.0528,0.027086,0.031113,0.031296,0.027544,0.026537,0.018851,0.024433,0.019857,0.023152,0.019674,0.015739,0.013726,0.014001,0.015556,0.002471,succ
0.000183,0.000183,0.000183,0.000183,0.000183,0.029584,0.000183,0.000183,0.000183,0.000183,0.020636,0.024836,0.021549,0.000183,0.010592,0.014792,0.016435,0.000183,succ
0.052393,0.054249,0.048886,0.024546,0.033828,0.027434,0.027847,0.018152,0.020833,0.016089,0.017533,0.021658,0.021452,0.018152,0.017533,0.014851,0.017327,0.005157,succ
0.057054,0.049647,0.045712,0.032751,0.030321,0.031825,0.024534,0.02951,0.024881,0.025807,0.020137,0.020947,0.017012,0.013077,0.010415,0.014697,0.014119,0.001736,succ
0.055329,0.055266,0.055831,0.031024,0.027382,0.035358,0.025184,0.026251,0.021164,0.02399,0.020536,0.019594,0.021918,0.016831,0.011932,0.01457,0.014131,0.008227,succ
0.057331,0.061299,0.057331,0.029344,0.024541,0.041145,0.022243,0.024749,0.02193,0.020155,0.02005,0.018379,0.015873,0.014829,0.012636,0.011591,0.011069,0.007206,succ
0.00019,0.00019,0.00019,0.00019,0.00019,0.023805,0.00019,0.00019,0.00019,0.00019,0.020948,0.022853,0.016949,0.00019,0.007808,0.020758,0.019044,0.00019,succ
0.069136,0.043034,0.041446,0.038272,0.031041,0.024868,0.022928,0.036684,0.028395,0.032628,0.022575,0.012434,0.010758,0.011817,0.011993,0.014462,0.017637,0.013228,unsucc
0.047394,0.05073,0.044336,0.037526,0.032384,0.03294,0.021682,0.019458,0.023211,0.014732,0.027658,0.017373,0.016261,0.015288,0.01237,0.018346,0.016261,0.005976,succ
0.033358,0.049666,0.038547,0.023721,0.028169,0.072646,0.014085,0.020015,0.020015,0.022239,0.020756,0.018532,0.014826,0.009637,0.01705,0.013343,0.007413,0.002965,succ
0.059887,0.06048,0.058405,0.034243,0.026238,0.035873,0.021791,0.017195,0.021346,0.013934,0.024607,0.015861,0.018678,0.017937,0.017492,0.015565,0.015417,0.009487,succ
0.058339,0.057498,0.050941,0.02959,0.028917,0.036315,0.021184,0.030767,0.016476,0.025891,0.019166,0.019334,0.01967,0.016812,0.014627,0.014459,0.011937,0.003194,succ
0.057218,0.060606,0.057783,0.025974,0.027292,0.031056,0.022774,0.02635,0.018445,0.026915,0.019386,0.021645,0.019763,0.014681,0.012422,0.010728,0.010164,0.006399,succ
0.059497,0.064777,0.058616,0.03098,0.031509,0.048231,0.026756,0.023411,0.021123,0.023059,0.019891,0.022531,0.021475,0.012674,0.011442,0.016194,0.015138,0.007393,succ
0.056533,0.065327,0.065327,0.027638,0.036432,0.040201,0.022613,0.022613,0.016332,0.018844,0.023869,0.032663,0.021357,0.011307,0.01005,0.01005,0.013819,0.001256,succ
0.05888,0.05092,0.047214,0.022783,0.030195,0.037057,0.026489,0.030195,0.015509,0.027313,0.01345,0.019489,0.018254,0.024979,0.021685,0.012352,0.012901,0.001235,succ
0.054679,0.052406,0.050267,0.033556,0.027273,0.038235,0.022326,0.028743,0.022193,0.024866,0.021791,0.017112,0.015241,0.013369,0.01016,0.014706,0.016711,0.005214,succ
0.056104,0.049351,0.051429,0.031342,0.031342,0.030996,0.02684,0.020779,0.021126,0.022338,0.021472,0.021299,0.02303,0.01697,0.013333,0.014892,0.012294,0.001039,succ
0.059235,0.0674,0.062651,0.034408,0.022578,0.037991,0.018995,0.024244,0.020412,0.017496,0.020995,0.014246,0.014996,0.017412,0.024161,0.011997,0.010831,0.002083,unsucc
0.054073,0.050031,0.051913,0.029475,0.028569,0.031217,0.023622,7.00E-05,0.018187,7.00E-05,0.018605,0.020695,0.019999,0.013239,0.009337,0.014354,0.012612,0.002578,unsucc
0.056618,0.052696,0.050858,0.033946,0.02451,0.033456,0.017279,0.021446,0.022672,0.019485,0.022672,0.016544,0.017525,0.014951,0.013971,0.016054,0.011275,0.01348,succ
0.05161,0.053497,0.048107,0.029376,0.000135,0.041504,0.000135,0.021021,0.018596,0.020617,0.022504,0.000135,0.000135,0.01361,0.013206,0.000135,0.000135,0.009567,succ
0.063136,0.052715,0.050509,0.036901,0.02979,0.031997,0.029545,0.02599,0.024274,0.020105,0.023661,0.019002,0.019247,0.016428,0.012014,0.014589,0.015324,0.003433,succ
0.050278,0.05557,0.051733,0.036385,0.030828,0.03665,0.021302,0.01892,0.020243,0.017465,0.025007,0.02236,0.018259,0.017465,0.016142,0.016936,0.016671,0.007145,succ
0.05499,0.044283,0.041375,0.031725,0.036352,0.027098,0.026041,0.027231,0.020225,0.026041,0.018638,0.019299,0.015995,0.013087,0.009518,0.01692,0.01811,0.006609,succ
0.047553,0.04453,0.040112,0.031159,0.029997,0.025695,0.026857,0.026741,0.016393,0.021277,0.022207,0.019416,0.020463,0.014998,0.010348,0.015347,0.016626,0.000116,succ
0.047582,0.051822,0.052136,0.02701,0.028266,0.042714,0.029209,0.016646,0.018844,0.016646,0.017745,0.02701,0.024497,0.014447,0.010207,0.012249,0.015546,0.000628,succ
0.064524,0.051157,0.048843,0.000129,0.043188,0.029049,0.028535,0.028792,0.000129,0.025707,0.000129,0.02108,0.021594,0.007712,0.006684,0.000129,0.000129,0.007198,unsucc
0.060146,0.044232,0.042772,0.031601,0.035978,0.022937,0.032102,0.043821,0.02207,0.036252,0.01824,0.016507,0.019061,0.014181,0.00839,0.019334,0.01979,0.001505,succ
0.055768,0.054332,0.049306,0.000239,0.037338,0.033748,0.027286,0.024414,0.000239,0.016276,0.000239,0.020345,0.017233,0.01843,0.017472,0.000239,0.000239,0.005266,succ
0.050089,0.059034,0.055456,0.028623,0.033989,0.062612,0.030411,0.017889,0.017889,0.017889,0.0161,0.021467,0.0322,0.010733,0.012522,0.019678,0.017889,0.010733,succ
0.051182,0.056453,0.055093,0.029077,0.025676,0.04183,0.022275,0.016324,0.021595,0.012073,0.023465,0.019044,0.018364,0.017514,0.014793,0.012583,0.013603,0.006632,succ
0.049331,0.050378,0.046539,0.033857,0.032926,0.035486,0.025596,0.019663,0.017801,0.017685,0.020826,0.023502,0.020244,0.017452,0.013613,0.018383,0.019081,0.006166,succ
0.057725,0.000143,0.000143,0.031214,0.039054,0.000143,0.030217,0.017104,0.020667,0.016534,0.000143,0.000143,0.000143,0.014823,0.000143,0.018957,0.016391,0.000143,succ
0.000129,0.000129,0.000129,0.000129,0.000129,0.029633,0.000129,0.000129,0.000129,0.000129,0.02161,0.016434,0.017469,0.000129,0.01501,0.012811,0.012034,0.000129,succ
0.056463,0.057709,0.05559,0.04001,0.029415,0.033279,0.024679,0.01558,0.026424,0.012215,0.028792,0.021064,0.021937,0.020441,0.019818,0.019569,0.017574,0.002617,succ
7.50E-05,7.50E-05,7.50E-05,7.50E-05,7.50E-05,0.035222,7.50E-05,7.50E-05,7.50E-05,7.50E-05,0.022955,0.018289,0.01859,7.50E-05,0.009257,0.01287,0.012418,7.50E-05,unsucc
0.064932,0.051533,0.047668,0.027441,0.03427,0.024349,0.031435,0.027957,0.020227,0.025767,0.015846,0.015975,0.016491,0.013399,0.012754,0.0143,0.015589,0.012754,succ
0.059938,0.000148,0.000148,0.025751,0.032707,0.000148,0.031375,0.019535,0.019239,0.016131,0.000148,0.000148,0.000148,0.018499,0.000148,0.013616,0.016723,0.000148,succ
0.0623,0.054933,0.048607,0.034593,0.032832,0.029628,0.025304,0.021941,0.024343,0.017617,0.02082,0.019058,0.019379,0.012812,0.013773,0.017136,0.016336,0.004805,unsucc
0.062125,0.000162,0.000162,0.029846,0.028548,0.000162,0.025953,0.029035,0.018816,0.022547,0.000162,0.000162,0.000162,0.014436,0.000162,0.012652,0.011354,0.000162,succ
0.06284,0.055397,0.0569,0.036287,0.020183,0.033281,0.014744,0.019539,0.024191,0.021257,0.022116,0.013384,0.013241,0.015173,0.013026,0.010092,0.009161,0.006155,succ
0.050216,0.048056,0.047786,0.042117,0.031048,0.021463,0.019708,0.024703,0.024163,0.021733,0.029023,0.021868,0.016199,0.011204,0.009584,0.018763,0.016334,0.004455,succ
0.057918,0.062373,0.055893,0.026326,0.027542,0.045362,0.027542,0.013771,0.019846,0.009316,0.020251,0.028352,0.028959,0.014176,0.012151,0.016201,0.020656,0.002025,unsucc
9.70E-05,9.70E-05,9.70E-05,9.70E-05,9.70E-05,0.032559,9.70E-05,9.70E-05,9.70E-05,9.70E-05,0.020993,0.021771,0.017883,9.70E-05,0.012052,0.016231,0.014481,9.70E-05,unsucc
0.046723,0.055245,0.048927,0.027035,0.02777,0.040993,0.023949,0.023068,0.015868,0.017925,0.021305,0.017632,0.023509,0.01146,0.013077,0.01675,0.013811,0.003232,succ
0.065968,0.051774,0.05129,0.030484,0.030323,0.027742,0.025161,0.030323,0.019194,0.028387,0.018387,0.018871,0.016935,0.010968,0.010323,0.017742,0.016452,0.000161,succ
0.058824,0.047101,0.043905,0.033248,0.035166,0.024829,0.03133,0.025469,0.024936,0.019288,0.021739,0.0211,0.022059,0.016731,0.012042,0.02078,0.020141,0.003623,succ
0.062452,0.056651,0.060131,0.033836,0.030356,0.041377,0.023009,0.025909,0.019722,0.019915,0.021268,0.020302,0.018368,0.014308,0.009861,0.013341,0.012761,0.000193,succ
0.053499,0.061609,0.062132,0.025376,0.027861,0.039241,0.026161,0.026292,0.020798,0.026684,0.017789,0.024068,0.021583,0.014258,0.011642,0.012034,0.010726,0.003532,succ
0.055,0.051215,0.049617,0.033807,0.034816,0.027332,0.028257,0.023127,0.020688,0.015726,0.024809,0.020688,0.02094,0.015306,0.015642,0.017745,0.020772,0.004289,unsucc
0.05215,0.000143,0.000143,0.031862,0.022003,0.000143,0.015431,0.015431,0.019574,0.011573,0.000143,0.000143,0.000143,0.02286,0.000143,0.01343,0.011287,0.000143,succ
0.048617,0.05197,0.03772,0.030176,0.031685,0.026488,0.024811,0.02565,0.021794,0.022464,0.017267,0.021123,0.021291,0.018441,0.017435,0.020956,0.018609,0.004359,unsucc
0.074611,0.06399,0.06386,0.035363,0.021632,0.043135,0.017358,0.020337,0.02785,0.01956,0.021373,0.015933,0.01658,0.017487,0.012435,0.010751,0.009715,0.009715,succ
0.000155,0.000155,0.000155,0.000155,0.000155,0.02419,0.000155,0.000155,0.000155,0.000155,0.021709,0.014111,0.016282,0.000155,0.012095,0.019073,0.016282,0.000155,succ
0.050841,0.052589,0.051917,0.037794,0.034566,0.029455,0.025824,0.025689,0.018561,0.021116,0.026765,0.021251,0.017888,0.013584,0.011836,0.015333,0.017619,0.005245,succ
0.000194,0.000194,0.000194,0.000194,0.000194,0.034208,0.000194,0.000194,0.000194,0.000194,0.021963,0.020408,0.023907,0.000194,0.014772,0.013605,0.013411,0.000194,succ
0.058712,0.054323,0.053137,0.038904,0.030246,0.030127,0.024908,0.029297,0.023129,0.022773,0.021468,0.018029,0.017317,0.016961,0.013759,0.013522,0.01364,0.006286,succ
0.068271,0.052315,0.04813,0.037667,0.035443,0.023149,0.028904,0.023542,0.023673,0.018441,0.024457,0.020272,0.019749,0.015433,0.010986,0.014517,0.015564,0.006278,succ
0.058401,0.056998,0.058576,0.032094,0.027885,0.033672,0.02315,0.026307,0.023501,0.029288,0.019467,0.015433,0.019291,0.018415,0.016661,0.015082,0.012452,0.001929,succ
0.052735,0.05585,0.051465,0.031849,0.037387,0.031849,0.02631,0.02481,0.021117,0.022386,0.021579,0.021232,0.019848,0.012232,0.010155,0.01604,0.013963,0.003577,succ
0.052198,0.050023,0.046761,0.030604,0.032002,0.02641,0.022992,0.023924,0.016312,0.022215,0.019264,0.021283,0.018021,0.016312,0.01305,0.013671,0.014137,0.008078,succ
0.042868,0.064422,0.05425,0.023008,0.036813,0.046985,0.031485,0.017195,0.013805,0.016469,0.017438,0.027125,0.028336,0.021555,0.014289,0.016711,0.012594,0.00557,succ
0.061376,0.058503,0.049887,0.033711,0.026002,0.035525,0.020106,0.017234,0.021769,0.017687,0.021315,0.020257,0.016478,0.020106,0.014512,0.012396,0.013152,0.007407,succ
0.00015,0.00015,0.00015,0.00015,0.00015,0.049331,0.00015,0.00015,0.00015,0.00015,0.020755,0.024365,0.023312,0.00015,0.01895,0.013686,0.012333,0.00015,succ
0.07287,0.053391,0.050087,0.029913,0.036174,0.031826,0.032,0.03313,0.02313,0.031304,0.012174,0.017391,0.02,0.017739,0.013391,0.016522,0.013913,0.006957,unsucc
0.061095,0.061177,0.058707,0.025443,0.029148,0.040593,0.025196,0.023796,0.016056,0.021573,0.017703,0.020091,0.025113,0.016468,0.018361,0.01268,0.012268,0.003211,unsucc
0.056065,0.058087,0.053733,0.029938,0.026905,0.038103,0.02605,0.029005,0.022162,0.024728,0.017963,0.018663,0.021384,0.013997,0.010264,0.013608,0.015319,0.010886,succ
0.064611,0.049242,0.041557,0.030839,0.037917,0.023155,0.032255,0.032356,0.022851,0.025581,0.016684,0.017088,0.0182,0.016077,0.011021,0.01729,0.0182,0.010415,succ
0.058473,0.054225,0.047718,0.035517,0.034523,0.028287,0.030637,0.034343,0.025847,0.030547,0.021419,0.022232,0.01925,0.012291,0.010122,0.01681,0.014822,0.003344,succ
0.056164,0.05289,0.046216,0.028334,0.035386,0.025689,0.026193,0.026445,0.019393,0.026697,0.017252,0.018637,0.015363,0.020904,0.014482,0.01763,0.018134,0.007934,succ
0.056747,0.048235,0.047707,0.026196,0.036556,0.032728,0.028439,0.025536,0.018872,0.02547,0.018806,0.019861,0.022963,0.014385,0.012141,0.018938,0.01775,0.006796,unsucc
0.071213,0.058,0.052066,0.035382,0.030904,0.02844,0.022394,0.026425,0.02105,0.021498,0.020826,0.017803,0.018811,0.019147,0.015228,0.01366,0.013996,0.006158,succ
0.059346,0.060382,0.051058,0.036407,0.032115,0.032559,0.022347,0.019091,0.022791,0.018055,0.022199,0.020571,0.018943,0.019091,0.018203,0.014503,0.011544,0.00592,succ
0.057621,0.044556,0.041541,0.030988,0.034673,0.029816,0.029816,8.40E-05,0.021608,8.40E-05,0.019933,0.019263,0.015578,0.018258,0.01742,0.018928,0.019765,0.00603,unsucc
0.061513,0.048976,0.048391,0.037192,0.033849,0.028249,0.027163,0.029921,0.025658,0.02407,0.023234,0.0173,0.01822,0.012202,0.011366,0.018888,0.018638,0.007689,unsucc
0.051658,0.048895,0.045411,0.040726,0.032076,0.030875,0.019822,0.024988,0.024207,0.020062,0.02661,0.018501,0.015978,0.013335,0.013815,0.019282,0.017059,0.000781,succ
0.056043,0.058274,0.050188,0.025791,0.034714,0.040429,0.022864,0.025234,0.015893,0.023282,0.023839,0.023282,0.023142,0.014917,0.017287,0.017426,0.014359,0.002091,succ
0.06129,0.05172,0.047391,0.035467,0.030531,0.028101,0.023772,0.035771,0.02605,0.029468,0.021645,0.021113,0.016936,0.010177,0.009797,0.014582,0.018911,0.009417,unsucc
0.050936,0.056443,0.052037,0.026019,0.034967,0.037032,0.028634,0.015969,0.019686,0.013354,0.020787,0.024229,0.019961,0.017208,0.016933,0.015419,0.015281,0.004543,succ
0.059509,0.054358,0.055151,0.030111,0.030745,0.038669,0.022504,0.019176,0.022187,0.019017,0.01775,0.018859,0.015689,0.013788,0.016482,0.015372,0.013471,0.005705,unsucc
0.06044,0.055416,0.051574,0.026747,0.027782,0.037387,0.026009,0.000148,0.023496,0.000148,0.017881,0.017733,0.017585,0.019063,0.017142,0.013595,0.012857,0.008867,succ
0.06073,0.057246,0.052711,0.028327,0.02537,0.03628,0.024121,0.015051,0.019389,0.014722,0.0186,0.022149,0.022741,0.025698,0.023792,0.014919,0.014065,0.004798,unsucc
0.057789,0.045047,0.045585,0.037509,0.037868,0.022254,0.025664,9.00E-05,0.023331,9.00E-05,0.024587,0.019024,0.02351,0.011665,0.008256,0.019562,0.022793,0.001974,unsucc
0.055679,0.055809,0.041205,0.034555,0.033903,0.027122,0.024645,0.021385,0.020602,0.013822,0.01995,0.021906,0.016821,0.020602,0.022167,0.015256,0.016169,0.00652,succ
0.066299,0.058246,0.053392,0.027248,0.03861,0.031881,0.034528,0.029675,0.020408,0.025372,0.015223,0.023387,0.023056,0.015223,0.014341,0.016547,0.015885,0.000552,succ
0.055449,0.057489,0.047164,0.034289,0.031612,0.028681,0.024602,0.017846,0.020523,0.014277,0.019885,0.015551,0.015424,0.021033,0.019375,0.018611,0.015296,0.009688,succ
0.05405,0.058792,0.056353,0.0233,0.026145,0.04213,0.022894,0.01463,0.018694,0.016256,0.018965,0.020591,0.018288,0.016527,0.017069,0.009483,0.013005,0.00569,succ
0.051423,0.056168,0.057545,0.03168,0.025712,0.030915,0.022804,0.022498,0.020355,0.019743,0.021273,0.017906,0.017447,0.012397,0.009948,0.012856,0.013315,0.013927,succ
0.00011,0.00011,0.00011,0.00011,0.00011,0.034197,0.00011,0.00011,0.00011,0.00011,0.019526,0.022945,0.022394,0.00011,0.007722,0.015665,0.016106,0.00011,succ
0.056929,0.045837,0.047174,0.041828,0.028331,0.030736,0.020981,0.022718,0.028598,0.019244,0.026059,0.016571,0.015635,0.015235,0.01323,0.018041,0.019778,0.006815,succ
0.049089,0.038473,0.039,0.035311,0.03437,0.0195,0.023415,0.02733,0.019651,0.02477,0.019274,0.01679,0.013778,0.014983,0.011971,0.015585,0.017543,0.0064,unsucc
0.059058,0.062241,0.056829,0.030723,0.02738,0.034066,0.021808,0.02531,0.023719,0.024514,0.023082,0.014804,0.012735,0.017033,0.015282,0.011143,0.012576,0.004616,succ
0.069621,0.060388,0.058172,0.031394,0.024561,0.031394,0.027331,0.02253,0.026223,0.019206,0.024007,0.014404,0.019206,0.01422,0.010526,0.015143,0.014404,0.004801,succ
0.072767,0.050864,0.04551,0.030664,0.022633,0.022877,0.021416,0.019713,0.02166,0.018739,0.018983,0.016062,0.015089,0.022633,0.016549,0.012412,0.014602,0.008518,succ
0.04934,0.055576,0.044021,0.026229,0.041086,0.030998,0.027329,0.020726,0.015407,0.015591,0.018342,0.026412,0.020543,0.014857,0.014307,0.019442,0.017792,0.005503,succ
0.056861,0.048151,0.045686,0.034018,0.035004,0.022843,0.028102,0.033854,0.021528,0.026459,0.018242,0.017584,0.021364,0.014626,0.012983,0.019392,0.017584,0.007724,succ
7.40E-05,7.40E-05,7.40E-05,7.40E-05,7.40E-05,0.026281,7.40E-05,7.40E-05,7.40E-05,7.40E-05,0.019748,0.019154,0.021678,7.40E-05,0.010839,0.014105,0.015293,7.40E-05,unsucc
0.063614,0.053494,0.051566,0.027149,0.026506,0.038394,0.0249,0.019598,0.020402,0.01751,0.019438,0.017831,0.021205,0.02008,0.01751,0.015582,0.01494,0.008996,succ
0.050926,0.054832,0.050781,0.03125,0.026186,0.034578,0.023148,0.024016,0.021123,0.020833,0.027199,0.018374,0.017795,0.016059,0.013455,0.014757,0.01794,0.005208,succ
0.062241,0.058464,0.04875,0.033459,0.030041,0.027343,0.024285,0.027703,0.023026,0.019428,0.018349,0.017269,0.019068,0.01565,0.01637,0.015111,0.012053,0.012412,unsucc
0.054482,0.052671,0.043616,0.031693,0.034259,0.022034,0.024147,0.031391,0.021431,0.028524,0.016601,0.017356,0.016601,0.012828,0.008301,0.019318,0.015998,0.010112,succ
0.066944,0.055949,0.058759,0.036404,0.024065,0.027242,0.0226,0.02431,0.026387,0.021256,0.021867,0.012705,0.017102,0.018813,0.015026,0.012949,0.015636,0.009284,succ
0.061627,0.058027,0.05657,0.025456,0.025371,0.033856,0.024428,0.024685,0.018428,0.021599,0.015942,0.016371,0.020571,0.019028,0.014228,0.011657,0.0108,0.005314,unsucc
0.064139,0.06065,0.055249,0.028581,0.03297,0.035333,0.027906,0.021605,0.019692,0.017441,0.020929,0.02138,0.018566,0.019354,0.016879,0.015641,0.015641,0.004051,succ
0.068768,0.058865,0.051472,0.036965,0.031525,0.033338,0.026085,0.021481,0.028037,0.016878,0.023992,0.016181,0.01632,0.013809,0.014786,0.018971,0.01632,0.00265,succ
0.050352,0.044938,0.04566,0.033207,0.030139,0.031763,0.021296,9.00E-05,0.021115,9.00E-05,0.026349,0.017325,0.016062,0.010467,0.01155,0.016784,0.016423,0.006677,unsucc
0.060188,0.05138,0.050646,0.03714,0.03347,0.030241,0.027452,0.025396,0.025103,0.02158,0.024222,0.02202,0.020112,0.013799,0.009542,0.020258,0.017616,0.00323,succ
8.70E-05,8.70E-05,8.70E-05,8.70E-05,8.70E-05,0.028083,8.70E-05,8.70E-05,8.70E-05,8.70E-05,0.021106,0.019187,0.017966,8.70E-05,0.01535,0.018141,0.020931,8.70E-05,unsucc
0.044835,0.048037,0.045309,0.031787,0.03155,0.028466,0.024789,0.020401,0.022299,0.015657,0.022061,0.019808,0.019689,0.012928,0.010912,0.015538,0.01708,0.004389,succ
0.055099,0.055473,0.047068,0.030258,0.029511,0.029884,0.0226,0.029137,0.018491,0.027269,0.017744,0.015502,0.015689,0.018864,0.015316,0.016436,0.013448,0.002428,succ
0.048538,0.063009,0.055472,0.029846,0.022611,0.051251,0.0205,0.02442,0.017787,0.022008,0.025023,0.017787,0.015677,0.0205,0.014471,0.01025,0.014471,0.005125,succ
0.055998,0.049511,0.04382,0.037332,0.030162,0.02743,0.019463,0.024698,0.019008,0.020601,0.020942,0.013772,0.014569,0.019463,0.015138,0.01639,0.013544,0.009674,succ
0.052994,0.043221,0.039917,0.030145,0.0351,0.025877,0.029043,0.03097,0.017756,0.024226,0.018858,0.020509,0.01872,0.015141,0.011562,0.015967,0.018307,0.002202,unsucc
0.000137,0.000137,0.000137,0.000137,0.000137,0.029082,0.000137,0.000137,0.000137,0.000137,0.018979,0.017886,0.018569,0.000137,0.012698,0.017477,0.015429,0.000137,succ
0.060908,0.065648,0.065174,0.029861,0.02678,0.046569,0.021211,0.022515,0.017775,0.01896,0.019315,0.024173,0.024884,0.017775,0.016234,0.013627,0.013035,0.00154,unsucc
0.058418,0.05184,0.051684,0.027565,0.031167,0.033359,0.025059,0.025529,0.02036,0.025372,0.020673,0.014252,0.015192,0.01206,0.012216,0.015975,0.015192,0.01018,succ
0.056151,0.045068,0.042575,0.030846,0.037588,0.022996,0.029276,0.025028,0.018101,0.025582,0.019948,0.019209,0.019025,0.013484,0.009143,0.018286,0.019764,0.008589,succ
0.060703,0.056853,0.052105,0.033881,0.030416,0.033368,0.022972,0.020149,0.021432,0.017197,0.020277,0.020791,0.018737,0.017197,0.013475,0.013732,0.01386,0.008085,succ
0.049815,0.054073,0.045274,0.030372,0.036049,0.034346,0.031933,0.023701,0.019302,0.019018,0.020863,0.021147,0.017599,0.019018,0.013625,0.017173,0.016889,0.008799,succ
0.066846,0.049933,0.045638,0.04,0.03047,0.026443,0.027248,0.032886,0.027383,0.026309,0.020134,0.015705,0.01651,0.012617,0.010336,0.018926,0.019866,0.010872,succ
0.050123,0.047901,0.044074,0.037284,0.029753,0.023951,0.023333,0.027284,0.023333,0.02284,0.021852,0.019136,0.01679,0.016296,0.016914,0.013827,0.016914,0.005926,succ
0.060767,0.054222,0.053911,0.031941,0.028202,0.035993,0.022593,0.000156,0.0201,0.000156,0.025709,0.020723,0.01823,0.019009,0.017139,0.012621,0.014179,0.010284,succ
0.052137,0.049234,0.041454,0.031468,0.033674,0.022643,0.019856,0.019159,0.021249,0.018927,0.020088,0.021249,0.016605,0.013237,0.011612,0.013702,0.012657,0.013121,succ
0.000133,0.000133,0.000133,0.000133,0.000133,0.026155,0.000133,0.000133,0.000133,0.000133,0.017392,0.021375,0.018056,0.000133,0.011683,0.017791,0.017924,0.000133,succ
0.063456,0.065459,0.060732,0.03301,0.026841,0.041343,0.018909,0.027722,0.024678,0.025879,0.022194,0.016265,0.016425,0.009935,0.011057,0.011377,0.011538,0.001843,unsucc
0.063643,0.054841,0.049199,0.023471,0.035206,0.025502,0.031821,0.037463,0.018957,0.035206,0.01151,0.015121,0.019409,0.015121,0.014669,0.013315,0.015346,0.004965,unsucc
0.061997,0.062261,0.055929,0.024271,0.03733,0.041683,0.029284,0.023875,0.01728,0.016884,0.015301,0.021501,0.020182,0.013323,0.01451,0.01451,0.013323,0.00897,unsucc
0.059272,0.06113,0.054255,0.029357,0.029729,0.031308,0.023226,0.022297,0.020253,0.017094,0.021368,0.022204,0.015979,0.020996,0.016165,0.013192,0.018952,0.008175,unsucc
0.05972,0.000159,0.000159,0.025254,0.025254,0.000159,0.02176,0.017313,0.01763,0.016042,0.000159,0.000159,0.000159,0.013818,0.000159,0.012548,0.015724,0.000159,succ
0.000136,0.000136,0.000136,0.000136,0.000136,0.02854,0.000136,0.000136,0.000136,0.000136,0.020658,0.020658,0.019163,0.000136,0.01427,0.014542,0.018211,0.000136,succ
0.07105,0.050548,0.04666,0.042595,0.034641,0.019618,0.021916,0.029869,0.027395,0.025627,0.022623,0.020855,0.014316,0.013609,0.010604,0.017321,0.018381,0.007953,succ
0.067861,0.048491,0.047437,0.044275,0.024246,0.02385,0.017921,0.024246,0.035051,0.021742,0.027803,0.016471,0.014099,0.013045,0.01041,0.016076,0.018184,0.007247,succ
0.049005,0.045161,0.043514,0.024846,0.028552,0.035415,0.026356,0.018943,0.016472,0.01757,0.020316,0.027591,0.023198,0.013315,0.012491,0.01304,0.012766,0.005079,succ
0.065846,0.059011,0.059695,0.030303,0.027569,0.05172,0.025746,0.02324,0.024151,0.025063,0.018455,0.02005,0.015493,0.011164,0.009342,0.009797,0.014582,0.002506,unsucc
0.062763,0.053514,0.05244,0.031051,0.032207,0.030556,0.023619,0.027087,0.021306,0.026427,0.021802,0.017508,0.015773,0.017342,0.012883,0.014204,0.017425,0.007928,unsucc
0.04909,0.049734,0.042888,0.026564,0.038734,0.03025,0.027675,0.02633,0.015271,0.024867,0.019016,0.026447,0.022702,0.015915,0.01334,0.018723,0.0165,0.004213,succ
0.061976,0.053956,0.052862,0.036821,0.031353,0.040831,0.02078,0.023697,0.02078,0.018593,0.025155,0.016405,0.01677,0.013124,0.012395,0.016405,0.013489,0.006562,succ
0.061096,0.059764,0.053864,0.030263,0.032547,0.03997,0.023982,0.020746,0.021127,0.022649,0.020556,0.015988,0.018081,0.011039,0.010849,0.014846,0.010278,0.006281,succ
0.049409,0.040873,0.03677,0.032173,0.038411,0.024294,0.024458,0.025772,0.0174,0.02216,0.02019,0.018056,0.019534,0.01346,0.01346,0.018549,0.015758,0.01067,succ
0.055837,0.054864,0.053113,0.032685,0.041245,0.03463,0.034241,0.025097,0.01965,0.021984,0.018677,0.017121,0.021595,0.011479,0.009144,0.020623,0.014981,0.007004,succ
0.05312,0.039869,0.035904,0.034319,0.034885,0.022879,0.028089,0.029222,0.020048,0.022766,0.018122,0.025824,0.02186,0.011893,0.007702,0.019368,0.021973,0.004757,succ
0.052563,0.046243,0.04825,0.036112,0.031498,0.02909,0.026081,0.018056,0.023272,0.01625,0.021868,0.020263,0.021266,0.01294,0.00953,0.018457,0.016752,0.015047,unsucc
0.060522,0.053533,0.053807,0.032901,0.033939,0.030124,0.02994,0.02524,0.024172,0.022097,0.019167,0.020906,0.021731,0.010835,0.010957,0.01645,0.019075,0.00296,unsucc
0.053209,0.053461,0.05157,0.033161,0.036313,0.029378,0.029883,0.024713,0.021561,0.019039,0.018157,0.020174,0.018661,0.013113,0.0116,0.017274,0.017274,0.006557,succ
0.053987,0.04319,0.044115,0.037174,0.027919,0.025451,0.01959,0.02977,0.021595,0.028382,0.021595,0.016042,0.016813,0.015271,0.010952,0.015579,0.014962,0.006478,succ
0.055147,0.041122,0.038671,0.040986,0.037309,0.023012,0.028186,0.03091,0.026961,0.030365,0.019608,0.01457,0.015523,0.010212,0.007761,0.023829,0.019608,0.000545,succ
0.065867,0.056482,0.054918,0.033716,0.022419,0.03024,0.01651,0.023723,0.024157,0.021985,0.020942,0.012339,0.009211,0.010862,0.009732,0.011036,0.012252,0.021637,succ
0.05852,0.060115,0.051773,0.027849,0.027359,0.036192,0.022329,0.020611,0.020856,0.015581,0.019629,0.018771,0.018771,0.017176,0.015581,0.01509,0.015336,0.006134,succ
0.064261,0.053999,0.051963,0.031357,0.030705,0.033963,0.028343,0.025086,0.021013,0.019303,0.022072,0.021746,0.02142,0.016941,0.013764,0.013031,0.013439,0.007167,succ
0.064747,0.043635,0.047088,0.043164,0.029509,0.020405,0.024957,0.028567,0.028567,0.022524,0.02119,0.013813,0.014754,0.009889,0.006906,0.018835,0.016167,0.009732,unsucc
0.069034,0.057791,0.057199,0.029191,0.0286,0.031755,0.030178,0.014201,0.025247,0.015779,0.021105,0.018935,0.019527,0.013609,0.010848,0.013609,0.015385,0.008087,succ
0.049736,0.041103,0.038526,0.033501,0.030537,0.019585,0.027831,0.042005,0.025126,0.037753,0.020616,0.018554,0.018168,0.0134,0.01005,0.015591,0.020101,0.002835,succ
0.061455,0.043929,0.041623,0.033898,0.035282,0.021446,0.0309,0.03436,0.024098,0.029863,0.01741,0.013836,0.015335,0.012914,0.009916,0.018448,0.017295,0.00761,succ
0.056302,0.03517,0.034415,0.033358,0.037132,0.020377,0.031245,0.021434,0.020981,0.022189,0.018868,0.015396,0.016906,0.014189,0.011019,0.018566,0.016453,0.013434,succ
0.053773,0.052116,0.049857,0.036903,0.026209,0.032836,0.021841,0.022142,0.023799,0.017473,0.023046,0.017774,0.018678,0.017623,0.014159,0.013556,0.014309,0.009339,succ
0.043784,0.048841,0.048224,0.02516,0.038604,0.031697,0.03145,0.02516,0.015664,0.01924,0.017514,0.024174,0.028244,0.00888,0.009003,0.01628,0.014554,0.009373,succ
0.055998,0.048259,0.045982,0.02891,0.034373,0.028227,0.030731,0.02982,0.020715,0.02891,0.017528,0.013658,0.016162,0.015479,0.008878,0.019804,0.019121,0.006829,unsucc
0.053819,0.057158,0.053819,0.033787,0.02297,0.032585,0.018296,0.021902,0.023771,0.018429,0.022837,0.019097,0.01656,0.012687,0.011084,0.010417,0.010684,0.009615,succ
0.057573,0.047703,0.043121,0.028316,0.039596,0.030901,0.030196,0.027729,0.019387,0.022794,0.018682,0.022794,0.019034,0.014687,0.00846,0.015744,0.018447,0.00094,unsucc
0.063262,0.046494,0.045884,0.039939,0.033384,0.023628,0.027134,0.02561,0.025152,0.023628,0.021494,0.017226,0.017835,0.016921,0.013262,0.019817,0.018902,0.005945,succ
0.045736,0.000135,0.000135,0.039548,0.031477,0.000135,0.02354,0.018294,0.019909,0.015066,0.000135,0.000135,0.000135,0.011434,0.000135,0.021119,0.017084,0.000135,succ
0.059287,0.060475,0.05899,0.032838,0.024963,0.034621,0.021842,0.021991,0.023923,0.018871,0.020505,0.018425,0.018574,0.01575,0.015156,0.015899,0.01263,0.002526,succ
0.055158,0.050345,0.045011,0.031482,0.037986,0.030961,0.027839,0.024327,0.022506,0.019644,0.021855,0.024587,0.019253,0.01418,0.010017,0.013399,0.017172,0.011188,succ
0.060922,0.0501,0.043955,0.044623,0.030862,0.024449,0.024182,0.026319,0.027255,0.019773,0.026854,0.017902,0.015364,0.016032,0.015765,0.01523,0.018303,0.00147,succ
0.055581,0.057383,0.050473,0.035301,0.03425,0.036052,0.025837,0.021481,0.018627,0.016524,0.02779,0.022833,0.021331,0.016224,0.013369,0.018327,0.017876,0.000901,succ
0.056091,0.041767,0.037349,0.036278,0.027979,0.024498,0.021687,0.043909,0.023963,0.037751,0.019545,0.017938,0.014324,0.012316,0.009772,0.013521,0.014324,0.004685,succ
0.043496,0.043629,0.042431,0.03618,0.034318,0.035515,0.028199,0.021282,0.018622,0.011971,0.022878,0.028997,0.027135,0.011439,0.007981,0.021282,0.018489,0.003591,succ
0.068285,0.053481,0.056949,0.035076,0.032275,0.031742,0.030275,0.026807,0.029341,0.020672,0.020539,0.017738,0.020939,0.007735,0.007069,0.014004,0.015204,0.01107,succ
0.055504,7.80E-05,7.80E-05,0.029851,0.03125,7.80E-05,0.024409,0.024254,0.019434,0.021766,7.80E-05,7.80E-05,7.80E-05,0.011039,7.80E-05,0.012904,0.015236,7.80E-05,unsucc
0.049844,0.05307,0.049844,0.029032,0.031217,0.034027,0.025182,0.023621,0.018002,0.021124,0.02154,0.021436,0.018939,0.014048,0.01051,0.013319,0.015609,0.007284,succ
0.052988,0.046666,0.043956,0.027698,0.031161,0.027999,0.024387,0.020473,0.020774,0.015806,0.017311,0.01686,0.015957,0.009935,0.009484,0.016709,0.015355,0.01129,unsucc
0.05504,0.052391,0.052029,0.031434,0.027821,0.028905,0.02746,0.018909,0.024088,0.014332,0.020956,0.019631,0.019391,0.014091,0.009274,0.013369,0.017945,0.013248,unsucc
0.049585,0.047353,0.043387,0.031114,0.029255,0.030866,0.023305,0.025288,0.02095,0.022189,0.018346,0.020454,0.020206,0.017355,0.012272,0.016115,0.015123,0.008925,unsucc
0.06924,0.068015,0.060662,0.030882,0.027328,0.036887,0.024387,0.021446,0.026348,0.020588,0.022794,0.01924,0.01777,0.017034,0.011397,0.012377,0.013235,0.001961,succ
0.05687,0.052676,0.050495,0.0307,0.025164,0.031035,0.020299,0.021305,0.02466,0.017782,0.019124,0.017614,0.017447,0.014763,0.009562,0.014427,0.012414,0.007717,succ
0.048845,0.051018,0.052391,0.031114,0.032487,0.034546,0.026996,0.022878,0.017616,0.017845,0.023564,0.018531,0.02059,0.014642,0.012125,0.017616,0.017387,0.002517,unsucc
0.063121,0.000142,0.000142,0.032482,0.039149,0.000142,0.03234,0.024823,0.025674,0.023688,0.000142,0.000142,0.000142,0.012482,0.000142,0.018298,0.020426,0.000142,succ
0.048629,0.048422,0.046456,0.035592,0.031868,0.026177,0.019659,5.20E-05,0.022349,5.20E-05,0.022245,0.019555,0.015003,0.011381,0.007863,0.019762,0.015003,0.001345,unsucc
0.0578,0.051017,0.04974,0.026148,0.033324,0.032144,0.028507,0.024083,0.021331,0.024575,0.018873,0.021233,0.01907,0.011108,0.00924,0.015433,0.016023,0.010715,succ
0.050117,0.044479,0.042287,0.033046,0.036648,0.028661,0.026312,0.021143,0.019577,0.016445,0.021457,0.019734,0.017698,0.017384,0.012529,0.020673,0.023962,0.004229,succ
0.069563,0.049602,0.049703,0.038109,0.029237,0.0247,0.024095,0.02097,0.02591,0.01855,0.022079,0.015526,0.014417,0.018449,0.013005,0.013711,0.017744,0.013207,succ
0.067697,0.052428,0.053532,0.035504,0.033664,0.031457,0.029065,0.020787,0.022075,0.016004,0.020787,0.01674,0.022995,0.01582,0.00791,0.017108,0.018028,0.005703,succ
0.060313,0.060431,0.051596,0.030746,0.025091,0.033808,0.020968,0.024149,0.023678,0.017199,0.019555,0.019908,0.016845,0.014489,0.013076,0.013547,0.017199,0.007304,succ
0.056437,0.051852,0.047972,0.028571,0.030159,0.027866,0.026455,0.021693,0.019224,0.017284,0.016049,0.017989,0.019929,8.80E-05,8.80E-05,0.016931,0.013933,0.00776,unsucc
0.072253,0.052925,0.048385,0.03243,0.028408,0.023479,0.025165,0.023609,0.025944,0.021404,0.020885,0.012712,0.015826,0.011675,0.007653,0.011545,0.00921,0.014918,succ
0.055685,0.05282,0.050134,0.032766,0.033841,0.025246,0.026679,0.020412,0.021307,0.015219,0.019696,0.020591,0.021128,0.012713,0.010206,0.018442,0.016294,0.006446,unsucc
0.064811,0.056805,0.048494,0.04003,0.036142,0.024476,0.024705,0.030118,0.025315,0.026001,0.020587,0.016775,0.01403,0.01403,0.011209,0.016088,0.013343,0.008616,unsucc
0.062565,0.054246,0.049047,0.035009,0.030676,0.028943,0.02201,0.02461,0.022357,0.016464,0.022357,0.020797,0.015771,0.013172,0.011265,0.013692,0.012825,0.005026,succ
0.066427,0.053645,0.054545,0.037084,0.026643,0.030963,0.024482,0.028623,0.022862,0.024842,0.023222,0.017282,0.017102,0.019622,0.013501,0.014401,0.016742,0.00306,unsucc
0.055087,0.048673,0.045403,0.038108,0.033078,0.026538,0.023016,0.023645,0.023645,0.019369,0.022513,0.017608,0.013835,0.014841,0.008804,0.017734,0.014715,0.007924,succ
0.062104,0.047412,0.048915,0.040234,0.029382,0.018364,0.022538,0.024708,0.028881,0.025042,0.020367,0.016027,0.016861,0.012187,0.009516,0.016194,0.017529,0.011018,succ
8.60E-05,8.60E-05,8.60E-05,8.60E-05,8.60E-05,0.02187,8.60E-05,8.60E-05,8.60E-05,8.60E-05,0.016187,0.012571,0.020493,8.60E-05,0.011538,0.018254,0.01171,8.60E-05,unsucc
0.055485,0.045973,0.041376,0.029328,0.030596,0.024413,0.030279,0.027743,0.023938,0.025365,0.016328,0.014585,0.019023,0.018072,0.012524,0.013951,0.014426,0.0065,unsucc
0.059698,0.050079,0.043402,0.030366,0.030366,0.027345,0.026073,0.026709,0.021622,0.021622,0.01876,0.014785,0.016375,0.014626,0.013355,0.014149,0.014467,0.016375,unsucc
0.059966,0.047804,0.043581,0.030236,0.034291,0.02027,0.026689,8.40E-05,0.020101,8.40E-05,0.017061,0.013851,0.016892,0.015541,0.008953,0.014865,0.015709,0.012838,unsucc
0.000141,0.000141,0.000141,0.000141,0.000141,0.024542,0.000141,0.000141,0.000141,0.000141,0.020592,0.021016,0.019041,0.000141,0.01086,0.015233,0.017066,0.000141,succ
0.058295,0.051535,0.052865,0.034024,0.037792,0.032251,0.027153,0.019395,0.019284,0.019284,0.021833,0.02272,0.027818,0.01607,0.013521,0.021501,0.015405,0.004101,unsucc
0.054861,0.060624,0.051194,0.027468,0.039593,0.046853,0.032557,0.018187,0.017439,0.016466,0.019984,0.025896,0.024399,0.010403,0.011451,0.019085,0.013397,0.005913,succ
0.061027,0.050914,0.047581,0.042869,0.024825,0.029077,0.017814,0.027008,0.028962,0.021147,0.027813,0.016665,0.01678,0.01678,0.012412,0.017699,0.015515,0.004712,succ
0.0537,0.054074,0.049953,0.033718,0.032345,0.035654,0.025476,0.021105,0.020606,0.017921,0.022354,0.022666,0.020668,0.018732,0.016422,0.019294,0.01636,0.005807,unsucc
0.061997,0.062363,0.054865,0.024506,0.028164,0.043343,0.024872,0.029261,0.017922,0.02414,0.017191,0.019386,0.01902,0.01335,0.013899,0.011156,0.013716,0.007681,succ
0.056779,0.051717,0.049254,0.030921,0.027774,0.032836,0.025995,0.015324,0.019702,0.012724,0.020933,0.019018,0.019565,0.017102,0.010398,0.01505,0.01204,0.005062,succ
0.046372,0.056516,0.052893,0.030846,0.03126,0.031363,0.024014,0.024118,0.021944,0.018735,0.024739,0.022875,0.02329,0.00766,0.008488,0.015733,0.019046,0.005175,succ
0.04516,0.050297,0.049216,0.035695,0.028664,0.035965,0.023526,0.026501,0.022174,0.018659,0.029746,0.024337,0.020552,0.016495,0.016495,0.018929,0.021633,0.000811,succ
0.054656,0.042468,0.03904,0.03009,0.00019,0.026281,0.00019,0.019234,0.022662,0.014473,0.016759,0.00019,0.00019,0.013712,0.006285,0.00019,0.00019,0.010284,succ
0.054088,0.058833,0.056619,0.036059,0.03337,0.039538,0.020718,0.018346,0.020718,0.021192,0.026886,0.022141,0.020244,0.015341,0.010122,0.018029,0.016764,0.009331,succ
0.045121,0.05182,0.045121,0.03362,0.029828,0.042214,0.022497,0.016178,0.018579,0.012639,0.023129,0.027174,0.021613,0.013145,0.011249,0.015672,0.014661,0.006951,succ
0.044455,0.042135,0.034929,0.031143,0.04128,0.022472,0.023449,0.026258,0.016488,0.024915,0.018442,0.018686,0.018564,0.018808,0.011724,0.020029,0.018564,0.007084,succ
0.053772,0.04886,0.044453,0.035134,0.041305,0.031608,0.026193,0.03249,0.020275,0.030097,0.021282,0.017882,0.015615,0.015615,0.009697,0.020526,0.016497,0.00277,succ
0.054299,0.044076,0.044914,0.035361,0.032512,0.025306,0.023127,0.027484,0.021284,0.02849,0.021954,0.015083,0.015418,0.016424,0.012904,0.015753,0.017094,0.004692,succ
0.056039,0.052884,0.051748,0.034457,0.031301,0.026758,0.024107,0.022845,0.020952,0.018175,0.025874,0.020573,0.018049,0.014136,0.010097,0.017039,0.017544,0.010728,succ
0.054808,0.052662,0.050658,0.031339,0.036062,0.029336,0.032627,0.030767,0.021179,0.025043,0.020177,0.023898,0.024327,0.01059,0.01016,0.02075,0.02075,0.002719,succ
0.05146,0.060281,0.049569,0.028565,0.038857,0.036337,0.029616,0.015963,0.017013,0.012602,0.020584,0.019954,0.019534,0.015123,0.014913,0.015753,0.019324,0.003571,succ
0.060519,0.064693,0.052041,0.030781,0.03039,0.035738,0.023869,0.024782,0.019564,0.019304,0.020086,0.019304,0.016956,0.019434,0.016173,0.01526,0.011478,0.006,succ
0.060941,0.042196,0.04149,0.035843,0.035686,0.019765,0.031216,0.034588,0.023922,0.032471,0.018431,0.015843,0.016627,0.015137,0.01051,0.018431,0.020314,0.000549,succ
0.056216,0.0485,0.0485,0.034415,0.033068,0.022658,0.028291,0.026577,0.023148,0.023637,0.026332,0.019473,0.018739,0.013595,0.008573,0.019963,0.022658,0.003062,succ
0.059216,0.052951,0.053557,0.03557,0.029507,0.03173,0.022838,0.020816,0.02021,0.020008,0.025465,0.017583,0.018795,0.013743,0.011116,0.017381,0.012935,0.007478,succ
0.053952,0.052871,0.048546,0.031571,0.023894,0.029192,0.020327,0.024868,0.02184,0.017732,0.020543,0.014921,0.013947,0.016434,0.01265,0.013082,0.012109,0.009406,succ
0.073769,0.056482,0.053467,0.027337,0.033769,0.029548,0.028945,0.02392,0.021709,0.027739,0.02191,0.017487,0.015477,0.015678,0.015477,0.010452,0.016683,0.011055,unsucc
0.064192,0.052944,0.047481,0.033663,0.035511,0.027798,0.029565,0.023459,0.024986,0.021692,0.020326,0.020407,0.019442,0.014783,0.012131,0.017113,0.017595,0.006026,unsucc
0.053643,0.061035,0.054488,0.029145,0.029145,0.045407,0.022809,0.01943,0.023231,0.011616,0.021964,0.02302,0.022809,0.014361,0.013305,0.012249,0.012672,0.005069,unsucc
0.049963,0.044336,0.038913,0.032879,0.033286,0.03193,0.025897,0.034913,0.020812,0.029422,0.018711,0.017626,0.017423,0.012948,0.014914,0.017355,0.016202,0.003796,unsucc
0.051054,0.054539,0.044084,0.025266,0.040425,0.038508,0.032061,0.01847,0.020038,0.014637,0.018819,0.023349,0.018122,0.016902,0.015856,0.018819,0.016379,0.005924,succ
0.061868,0.050536,0.049158,0.035375,0.03415,0.029096,0.02925,0.022971,0.023124,0.019142,0.024502,0.01807,0.019602,0.014855,0.010873,0.014855,0.017152,0.006738,succ
0.05085,0.000137,0.000137,0.026316,0.030976,0.000137,0.028372,0.021519,0.018914,0.019189,0.000137,0.000137,0.000137,0.011102,0.000137,0.012473,0.013021,0.000137,succ
0.054149,0.05463,0.047901,0.034925,0.00016,0.025633,0.00016,0.024511,0.021628,0.02323,0.017783,0.00016,0.00016,0.018424,0.013617,0.00016,0.00016,0.005127,succ
0.062606,0.049357,0.047149,0.033121,0.032082,0.029484,0.025588,0.021691,0.02299,0.020132,0.019613,0.015197,0.014547,0.018964,0.015327,0.017405,0.018964,0.004416,succ
0.060283,0.062765,0.055174,0.030215,0.03868,0.035761,0.028317,0.015764,0.019705,0.01445,0.019559,0.024668,0.022478,0.020873,0.013867,0.016056,0.014596,0.008466,succ
0.00018,0.00018,0.00018,0.00018,0.00018,0.043117,0.00018,0.00018,0.00018,0.00018,0.024716,0.018041,0.015335,0.00018,0.010103,0.010824,0.010824,0.00018,succ
0.059982,0.060877,0.053076,0.031462,0.020335,0.031718,0.014324,0.026218,0.025835,0.020847,0.020591,0.01151,0.013557,0.014452,0.013685,0.01394,0.008185,0.011766,succ
0.057794,0.039912,0.045484,0.028249,0.032655,0.022159,0.027083,0.024232,0.020474,0.024362,0.016976,0.019049,0.021381,0.01231,0.007516,0.017364,0.015421,0.015161,succ
0.041926,0.051969,0.043042,0.027419,0.031883,0.042085,0.026781,0.022318,0.01371,0.018333,0.019927,0.02726,0.029013,0.017535,0.015304,0.019289,0.016738,0.005739,succ
0.041376,0.055999,0.047192,0.026919,0.029079,0.040545,0.022765,0.015287,0.012795,0.010635,0.024925,0.025258,0.023264,0.017614,0.01562,0.01778,0.014124,0.007976,succ
0.060331,0.058304,0.053402,0.029741,0.028825,0.039676,0.022028,0.025492,0.023662,0.023792,0.022028,0.019805,0.01523,0.0117,0.011896,0.011439,0.0134,0.006406,unsucc
0.048571,0.048848,0.039967,0.026783,0.040522,0.032612,0.034277,0.026783,0.014988,0.015681,0.01693,0.029559,0.025812,0.014155,0.010547,0.015959,0.015959,0.000971,succ
0.06019,0.045325,0.044064,0.033844,0.037229,0.022165,0.02827,0.03995,0.02316,0.038357,0.017188,0.016259,0.017121,0.012277,0.008892,0.017254,0.015329,0.006636,unsucc
0.05945,0.046982,0.040444,0.030105,0.031929,0.027216,0.024631,0.030257,0.022047,0.026912,0.018702,0.016877,0.018397,0.011555,0.009579,0.014444,0.015357,0.00821,unsucc
0.044497,0.061311,0.055197,0.026664,0.028872,0.059443,0.023098,0.016135,0.019361,0.015115,0.023268,0.021569,0.016474,0.013077,0.018852,0.013927,0.014606,0.001019,succ
0.03904,0.049987,0.043524,0.031126,0.037193,0.026642,0.0244,0.022553,0.019256,0.017673,0.01741,0.018465,0.020971,0.012002,0.010947,0.024532,0.019256,0.009496,succ
0.054369,0.05096,0.050063,0.039476,0.033016,0.031043,0.021532,0.02243,0.023686,0.020994,0.027813,0.018661,0.016149,0.020456,0.016867,0.017585,0.020994,0.000359,succ
0.057833,0.051001,0.049706,0.032038,0.031213,0.03404,0.028386,0.017786,0.022144,0.016372,0.024382,0.021084,0.018139,0.009894,0.006596,0.016137,0.019317,0.005771,succ
0.060196,0.047391,0.042604,0.034945,0.035304,0.027405,0.024174,0.0219,0.018669,0.0219,0.022978,0.016276,0.01855,0.016635,0.013045,0.019387,0.017712,0.006821,succ
0.059462,0.04757,0.043433,0.028438,0.036539,0.028266,0.033437,0.028094,0.023095,0.027232,0.017235,0.018442,0.019648,0.014822,0.009307,0.014305,0.012754,0.001551,succ
0.05302,0.054635,0.05004,0.029366,0.030359,0.031415,0.027317,0.020923,0.019743,0.015645,0.019743,0.01788,0.022661,0.018005,0.015707,0.015025,0.01428,0.007078,unsucc
0.058447,0.061651,0.057684,0.033115,0.023195,0.038303,0.020754,0.016176,0.023348,0.013429,0.021364,0.019228,0.021364,0.017244,0.016328,0.012208,0.012056,0.009156,succ
0.047562,0.054603,0.052876,0.030291,0.031885,0.037598,0.024047,0.022984,0.01767,0.019131,0.022585,0.024047,0.017935,0.014481,0.011293,0.01488,0.016341,0.003321,succ
0.062193,0.063152,0.057999,0.024685,0.029359,0.043619,0.025884,0.016417,0.017855,0.015938,0.018694,0.018574,0.017615,0.02109,0.020132,0.012582,0.011744,0.009227,succ
0.059301,0.05186,0.050733,0.029989,0.039233,0.031342,0.032469,0.020293,0.018038,0.019391,0.01894,0.023675,0.022322,0.013303,0.015333,0.015333,0.016009,0.008568,succ
0.05531,0.052031,0.050463,0.032217,0.037206,0.028795,0.029366,0.022523,0.020242,0.017962,0.021383,0.02181,0.022808,0.015253,0.011689,0.01953,0.018247,0.009123,succ
0.057821,0.048645,0.045878,0.037868,0.032916,0.022429,0.028401,0.026944,0.025197,0.024177,0.024177,0.018497,0.019953,0.017186,0.013982,0.017769,0.018643,0.001748,succ
0.056791,0.050217,0.050357,0.031193,0.00014,0.026018,0.00014,0.024759,0.020982,0.021541,0.020422,0.00014,0.00014,0.014827,0.010071,0.00014,0.00014,0.009652,succ
0.069484,0.04703,0.050035,0.041902,0.03925,0.023868,0.026167,0.023692,0.024399,0.023692,0.024929,0.017857,0.019448,0.018034,0.01273,0.017857,0.014144,0.004597,succ
0.054115,0.046986,0.043422,0.02722,0.036617,0.029164,0.029164,0.021711,0.019443,0.021711,0.019767,0.019767,0.019281,0.01604,0.011504,0.018471,0.017822,0.006481,succ
0.064935,0.045887,0.050563,0.031861,0.035671,0.028918,0.02961,0.020952,0.023203,0.020087,0.017316,0.018701,0.017316,0.013853,0.014892,0.020433,0.022857,0.007446,unsucc
0.061934,0.057231,0.061016,0.038192,0.026953,0.034981,0.019956,0.022594,0.025003,0.021333,0.023856,0.018924,0.019154,0.013878,0.013304,0.015139,0.01124,0.005276,succ
0.069885,0.049986,0.051149,0.028446,0.037062,0.026258,0.032823,0.026805,0.020651,0.02448,0.019147,0.01983,0.019694,0.013539,0.010941,0.018053,0.017642,0.010804,unsucc
0.045781,0.047718,0.044537,0.033195,0.024758,0.031674,0.019225,0.026694,0.021438,0.020609,0.023375,0.016183,0.018534,0.013693,0.01148,0.013416,0.014246,0.008299,succ
0.058723,0.06518,0.050926,0.025097,0.026316,0.040448,0.022173,0.016691,0.017057,0.014985,0.018153,0.021808,0.02193,0.024732,0.021199,0.012061,0.012305,0.005117,succ
0.053954,0.045459,0.043199,0.032625,0.035066,0.02169,0.025938,0.02657,0.02178,0.023859,0.02178,0.016991,0.019973,0.01202,0.01437,0.017894,0.017171,0.003434,unsucc
0.064465,0.051908,0.049041,0.033617,0.031442,0.029069,0.025311,0.025114,0.024916,0.026102,0.020368,0.019379,0.017995,0.015622,0.012458,0.016808,0.017006,0.004746,unsucc
0.000116,0.000116,0.000116,0.000116,0.000116,0.031794,0.000116,0.000116,0.000116,0.000116,0.025876,0.015433,0.013692,0.000116,0.012416,0.014853,0.012184,0.000116,succ
0.06947,0.056965,0.060987,0.030494,0.027569,0.033272,0.025155,0.024497,0.024278,0.025082,0.018355,0.013675,0.015503,0.016746,0.014552,0.011408,0.012139,0.013163,unsucc
0.06155,0.056226,0.05298,0.036878,0.024802,0.034411,0.016881,0.017141,0.026101,0.014544,0.025062,0.016232,0.016881,0.012726,0.014024,0.018439,0.013245,0.00857,succ
0.047567,0.049108,0.050429,0.034794,0.026646,0.035455,0.025545,0.016736,0.017837,0.014094,0.024884,0.027527,0.026206,0.02004,0.017177,0.017397,0.016957,0.001101,succ
0.066912,0.061002,0.057325,0.030862,0.028367,0.038282,0.02574,0.021998,0.025478,0.020619,0.018255,0.020225,0.018846,0.015562,0.01484,0.013002,0.014906,0.006895,unsucc
0.055658,0.053386,0.050973,0.030243,0.035922,0.031521,0.031379,0.027971,0.0186,0.023144,0.018742,0.024279,0.021724,0.014908,0.008093,0.015192,0.015618,0.010791,succ
